dataset	category_id	label	label_key	source_version	source_url	source_class	lvis_name	lvis_synset	lvis_synonyms	lvis_def	lvis_frequency	lvis_image_count	lvis_instance_count	is_mwe_candidate	mwe_candidate_status	selection_status	duplicate_existing_label_key	duplicate_existing_datasets	duplicate_existing_labels	duplicate_existing_selected_oewn_synsets	wordnet_source	wordnet_version	wordnet_lexicon_id	selected_lookup_case	selected_query	has_oewn_noun_synset	oewn_synset_count	selected_oewn_synset	selected_oewn_lexfile	all_oewn_synsets	all_oewn_lexfiles	synset_lemmas	parent_oewn_synsets	parent_oewn_lexfiles	parent_lemmas	parent_selection_tag	selected_oewn_objectness_class	objectness_gate	manual_decision	manual_decision_note	sense_counts_available	wn30_available	wn30_selection_tag	wn30_lemma_counts	lvis_synset_matched_oewn_synsets	synset_selection_tag	decision_basis
lvis	17	arctic (type of shoe)	arctic (type of shoe)	lvis_v1_val	https://s3-us-west-2.amazonaws.com/dl.fbaipublicfiles.com/LVIS/lvis_v1_val.json.zip	LVISCategory	arctic_(type_of_shoe)	arctic.n.02	arctic_(type_of_shoe)|galosh|golosh|rubber_(type_of_shoe)|gumshoe	a waterproof overshoe that protects shoes from water or snow	r	0	0	true	unresolved	unresolved	false				oewn	2025-plus	oewn:2025+	unresolved		false	0									not_applicable_no_selected_synset		not_applicable			false	true				unresolved_no_oewn_noun_synset	unresolved_no_oewn_noun_synset
lvis	56	baseball base	baseball base	lvis_v1_val	https://s3-us-west-2.amazonaws.com/dl.fbaipublicfiles.com/LVIS/lvis_v1_val.json.zip	LVISCategory	baseball_base	base.n.03	baseball_base	a place that the runner must touch before scoring	f	63	78	true	unresolved	unresolved	false				oewn	2025-plus	oewn:2025+	unresolved		false	0									not_applicable_no_selected_synset		not_applicable			false	true				unresolved_no_oewn_noun_synset	unresolved_no_oewn_noun_synset
lvis	64	bat (animal)	bat (animal)	lvis_v1_val	https://s3-us-west-2.amazonaws.com/dl.fbaipublicfiles.com/LVIS/lvis_v1_val.json.zip	LVISCategory	bat_(animal)	bat.n.01	bat_(animal)	nocturnal mouselike mammal with forelimbs modified to form membranous wings	c	1	2	true	unresolved	unresolved	false				oewn	2025-plus	oewn:2025+	unresolved		false	0									not_applicable_no_selected_synset		not_applicable			false	true				unresolved_no_oewn_noun_synset	unresolved_no_oewn_noun_synset
lvis	69	batter (food)	batter (food)	lvis_v1_val	https://s3-us-west-2.amazonaws.com/dl.fbaipublicfiles.com/LVIS/lvis_v1_val.json.zip	LVISCategory	batter_(food)	batter.n.02	batter_(food)	a liquid or semiliquid mixture, as of flour, eggs, and milk, used in cooking	r	1	2	true	unresolved	unresolved	false				oewn	2025-plus	oewn:2025+	unresolved		false	0									not_applicable_no_selected_synset		not_applicable			false	true				unresolved_no_oewn_noun_synset	unresolved_no_oewn_noun_synset
lvis	81	beef (food)	beef (food)	lvis_v1_val	https://s3-us-west-2.amazonaws.com/dl.fbaipublicfiles.com/LVIS/lvis_v1_val.json.zip	LVISCategory	beef_(food)	beef.n.02	beef_(food)|boeuf_(food)	meat from an adult domestic bovine	f	26	293	true	unresolved	unresolved	false				oewn	2025-plus	oewn:2025+	unresolved		false	0									not_applicable_no_selected_synset		not_applicable			false	true				unresolved_no_oewn_noun_synset	unresolved_no_oewn_noun_synset
lvis	131	boom microphone	boom microphone	lvis_v1_val	https://s3-us-west-2.amazonaws.com/dl.fbaipublicfiles.com/LVIS/lvis_v1_val.json.zip	LVISCategory	boom_microphone	boom.n.04	boom_microphone|microphone_boom	a pole carrying an overhead microphone projected over a film or tv set	r	2	2	true	unresolved	unresolved	false				oewn	2025-plus	oewn:2025+	unresolved		false	0									not_applicable_no_selected_synset		not_applicable			false	true				unresolved_no_oewn_noun_synset	unresolved_no_oewn_noun_synset
lvis	136	bow (weapon)	bow (weapon)	lvis_v1_val	https://s3-us-west-2.amazonaws.com/dl.fbaipublicfiles.com/LVIS/lvis_v1_val.json.zip	LVISCategory	bow_(weapon)	bow.n.04	bow_(weapon)	a weapon for shooting arrows	r	2	3	true	unresolved	unresolved	false				oewn	2025-plus	oewn:2025+	unresolved		false	0									not_applicable_no_selected_synset		not_applicable			false	true				unresolved_no_oewn_noun_synset	unresolved_no_oewn_noun_synset
lvis	137	bow (decorative ribbons)	bow (decorative ribbons)	lvis_v1_val	https://s3-us-west-2.amazonaws.com/dl.fbaipublicfiles.com/LVIS/lvis_v1_val.json.zip	LVISCategory	bow_(decorative_ribbons)	bow.n.08	bow_(decorative_ribbons)	a decorative interlacing of ribbons	f	92	186	true	unresolved	unresolved	false				oewn	2025-plus	oewn:2025+	unresolved		false	0									not_applicable_no_selected_synset		not_applicable			false	true				unresolved_no_oewn_noun_synset	unresolved_no_oewn_noun_synset
lvis	147	brass plaque	brass plaque	lvis_v1_val	https://s3-us-west-2.amazonaws.com/dl.fbaipublicfiles.com/LVIS/lvis_v1_val.json.zip	LVISCategory	brass_plaque	brass.n.07	brass_plaque	a memorial made of brass	r	1	3	true	unresolved	unresolved	false				oewn	2025-plus	oewn:2025+	unresolved		false	0									not_applicable_no_selected_synset		not_applicable			false	true				unresolved_no_oewn_noun_synset	unresolved_no_oewn_noun_synset
lvis	161	horse buggy	horse buggy	lvis_v1_val	https://s3-us-west-2.amazonaws.com/dl.fbaipublicfiles.com/LVIS/lvis_v1_val.json.zip	LVISCategory	horse_buggy	buggy.n.01	horse_buggy	a small lightweight carriage; drawn by a single horse	r	6	18	true	unresolved	unresolved	false				oewn	2025-plus	oewn:2025+	unresolved		false	0									not_applicable_no_selected_synset		not_applicable			false	true				unresolved_no_oewn_noun_synset	unresolved_no_oewn_noun_synset
lvis	173	bus (vehicle)	bus (vehicle)	lvis_v1_val	https://s3-us-west-2.amazonaws.com/dl.fbaipublicfiles.com/LVIS/lvis_v1_val.json.zip	LVISCategory	bus_(vehicle)	bus.n.01	bus_(vehicle)|autobus|charabanc|double-decker|motorbus|motorcoach	a vehicle carrying many passengers; used for public transport	f	358	613	true	unresolved	unresolved	false				oewn	2025-plus	oewn:2025+	unresolved		false	0									not_applicable_no_selected_synset		not_applicable			false	true				unresolved_no_oewn_noun_synset	unresolved_no_oewn_noun_synset
lvis	178	cab (taxi)	cab (taxi)	lvis_v1_val	https://s3-us-west-2.amazonaws.com/dl.fbaipublicfiles.com/LVIS/lvis_v1_val.json.zip	LVISCategory	cab_(taxi)	cab.n.03	cab_(taxi)|taxi|taxicab	a car that takes passengers where they want to go in exchange for money	f	33	68	true	unresolved	unresolved	false				oewn	2025-plus	oewn:2025+	unresolved		false	0									not_applicable_no_selected_synset		not_applicable			false	true				unresolved_no_oewn_noun_synset	unresolved_no_oewn_noun_synset
lvis	191	camper (vehicle)	camper (vehicle)	lvis_v1_val	https://s3-us-west-2.amazonaws.com/dl.fbaipublicfiles.com/LVIS/lvis_v1_val.json.zip	LVISCategory	camper_(vehicle)	camper.n.02	camper_(vehicle)|camping_bus|motor_home	a recreational vehicle equipped for camping out while traveling	c	8	15	true	unresolved	unresolved	false				oewn	2025-plus	oewn:2025+	unresolved		false	0									not_applicable_no_selected_synset		not_applicable			false	true				unresolved_no_oewn_noun_synset	unresolved_no_oewn_noun_synset
lvis	198	walking cane	walking cane	lvis_v1_val	https://s3-us-west-2.amazonaws.com/dl.fbaipublicfiles.com/LVIS/lvis_v1_val.json.zip	LVISCategory	walking_cane	cane.n.01	walking_cane	a stick that people can lean on to help them walk	c	16	20	true	unresolved	unresolved	false				oewn	2025-plus	oewn:2025+	unresolved		false	0									not_applicable_no_selected_synset		not_applicable			false	true				unresolved_no_oewn_noun_synset	unresolved_no_oewn_noun_synset
lvis	203	cap (headwear)	cap (headwear)	lvis_v1_val	https://s3-us-west-2.amazonaws.com/dl.fbaipublicfiles.com/LVIS/lvis_v1_val.json.zip	LVISCategory	cap_(headwear)	cap.n.01	cap_(headwear)	a tight-fitting headwear	f	5	8	true	unresolved	unresolved	false				oewn	2025-plus	oewn:2025+	unresolved		false	0									not_applicable_no_selected_synset		not_applicable			false	true				unresolved_no_oewn_noun_synset	unresolved_no_oewn_noun_synset
lvis	207	car (automobile)	car (automobile)	lvis_v1_val	https://s3-us-west-2.amazonaws.com/dl.fbaipublicfiles.com/LVIS/lvis_v1_val.json.zip	LVISCategory	car_(automobile)	car.n.01	car_(automobile)|auto_(automobile)|automobile	a motor vehicle with four wheels	f	364	2349	true	unresolved	unresolved	false				oewn	2025-plus	oewn:2025+	unresolved		false	0									not_applicable_no_selected_synset		not_applicable			false	true				unresolved_no_oewn_noun_synset	unresolved_no_oewn_noun_synset
lvis	208	railcar (part of a train)	railcar (part of a train)	lvis_v1_val	https://s3-us-west-2.amazonaws.com/dl.fbaipublicfiles.com/LVIS/lvis_v1_val.json.zip	LVISCategory	railcar_(part_of_a_train)	car.n.02	railcar_(part_of_a_train)|railway_car_(part_of_a_train)|railroad_car_(part_of_a_train)	a wheeled vehicle adapted to the rails of railroad (mark each individual railcar separately)	f	33	190	true	unresolved	unresolved	false				oewn	2025-plus	oewn:2025+	unresolved		false	0									not_applicable_no_selected_synset		not_applicable			false	true				unresolved_no_oewn_noun_synset	unresolved_no_oewn_noun_synset
lvis	216	horse carriage	horse carriage	lvis_v1_val	https://s3-us-west-2.amazonaws.com/dl.fbaipublicfiles.com/LVIS/lvis_v1_val.json.zip	LVISCategory	horse_carriage	carriage.n.02	horse_carriage	a vehicle with wheels drawn by one or more horses	c	8	8	true	unresolved	unresolved	false				oewn	2025-plus	oewn:2025+	unresolved		false	0									not_applicable_no_selected_synset		not_applicable			false	true				unresolved_no_oewn_noun_synset	unresolved_no_oewn_noun_synset
lvis	227	cayenne (spice)	cayenne (spice)	lvis_v1_val	https://s3-us-west-2.amazonaws.com/dl.fbaipublicfiles.com/LVIS/lvis_v1_val.json.zip	LVISCategory	cayenne_(spice)	cayenne.n.02	cayenne_(spice)|cayenne_pepper_(spice)|red_pepper_(spice)	ground pods and seeds of pungent red peppers of the genus Capsicum	c	3	22	true	unresolved	unresolved	false				oewn	2025-plus	oewn:2025+	unresolved		false	0									not_applicable_no_selected_synset		not_applicable			false	true				unresolved_no_oewn_noun_synset	unresolved_no_oewn_noun_synset
lvis	241	chicken (animal)	chicken (animal)	lvis_v1_val	https://s3-us-west-2.amazonaws.com/dl.fbaipublicfiles.com/LVIS/lvis_v1_val.json.zip	LVISCategory	chicken_(animal)	chicken.n.02	chicken_(animal)	a domestic fowl bred for flesh or eggs	c	6	16	true	unresolved	unresolved	false				oewn	2025-plus	oewn:2025+	unresolved		false	0									not_applicable_no_selected_synset		not_applicable			false	true				unresolved_no_oewn_noun_synset	unresolved_no_oewn_noun_synset
lvis	243	chili (vegetable)	chili (vegetable)	lvis_v1_val	https://s3-us-west-2.amazonaws.com/dl.fbaipublicfiles.com/LVIS/lvis_v1_val.json.zip	LVISCategory	chili_(vegetable)	chili.n.02	chili_(vegetable)|chili_pepper_(vegetable)|chilli_(vegetable)|chilly_(vegetable)|chile_(vegetable)	very hot and finely tapering pepper of special pungency	c	3	8	true	unresolved	unresolved	false				oewn	2025-plus	oewn:2025+	unresolved		false	0									not_applicable_no_selected_synset		not_applicable			false	true				unresolved_no_oewn_noun_synset	unresolved_no_oewn_noun_synset
lvis	246	crisp (potato chip)	crisp (potato chip)	lvis_v1_val	https://s3-us-west-2.amazonaws.com/dl.fbaipublicfiles.com/LVIS/lvis_v1_val.json.zip	LVISCategory	crisp_(potato_chip)	chip.n.04	crisp_(potato_chip)|potato_chip	a thin crisp slice of potato fried in deep fat	c	8	101	true	unresolved	unresolved	false				oewn	2025-plus	oewn:2025+	unresolved		false	0									not_applicable_no_selected_synset		not_applicable			false	true				unresolved_no_oewn_noun_synset	unresolved_no_oewn_noun_synset
lvis	265	cleat (for securing rope)	cleat (for securing rope)	lvis_v1_val	https://s3-us-west-2.amazonaws.com/dl.fbaipublicfiles.com/LVIS/lvis_v1_val.json.zip	LVISCategory	cleat_(for_securing_rope)	cleat.n.02	cleat_(for_securing_rope)	a fastener (usually with two projecting horns) around which a rope can be secured	r	0	0	true	unresolved	unresolved	false				oewn	2025-plus	oewn:2025+	unresolved		false	0									not_applicable_no_selected_synset		not_applicable			false	true				unresolved_no_oewn_noun_synset	unresolved_no_oewn_noun_synset
lvis	269	clippers (for plants)	clippers (for plants)	lvis_v1_val	https://s3-us-west-2.amazonaws.com/dl.fbaipublicfiles.com/LVIS/lvis_v1_val.json.zip	LVISCategory	clippers_(for_plants)	clipper.n.03	clippers_(for_plants)	shears for cutting grass or shrubbery (often used in the plural)	r	0	0	true	unresolved	unresolved	false				oewn	2025-plus	oewn:2025+	unresolved		false	0									not_applicable_no_selected_synset		not_applicable			false	true				unresolved_no_oewn_noun_synset	unresolved_no_oewn_noun_synset
lvis	282	cocoa (beverage)	cocoa (beverage)	lvis_v1_val	https://s3-us-west-2.amazonaws.com/dl.fbaipublicfiles.com/LVIS/lvis_v1_val.json.zip	LVISCategory	cocoa_(beverage)	cocoa.n.01	cocoa_(beverage)|hot_chocolate_(beverage)|drinking_chocolate	a beverage made from cocoa powder and milk and sugar; usually drunk hot	r	2	2	true	unresolved	unresolved	false				oewn	2025-plus	oewn:2025+	unresolved		false	0									not_applicable_no_selected_synset		not_applicable			false	true				unresolved_no_oewn_noun_synset	unresolved_no_oewn_noun_synset
lvis	300	convertible (automobile)	convertible (automobile)	lvis_v1_val	https://s3-us-west-2.amazonaws.com/dl.fbaipublicfiles.com/LVIS/lvis_v1_val.json.zip	LVISCategory	convertible_(automobile)	convertible.n.01	convertible_(automobile)	a car that has top that can be folded or removed	r	0	0	true	unresolved	unresolved	false				oewn	2025-plus	oewn:2025+	unresolved		false	0									not_applicable_no_selected_synset		not_applicable			false	true				unresolved_no_oewn_noun_synset	unresolved_no_oewn_noun_synset
lvis	305	cooler (for food)	cooler (for food)	lvis_v1_val	https://s3-us-west-2.amazonaws.com/dl.fbaipublicfiles.com/LVIS/lvis_v1_val.json.zip	LVISCategory	cooler_(for_food)	cooler.n.01	cooler_(for_food)|ice_chest	an insulated box for storing food often with ice	f	63	113	true	unresolved	unresolved	false				oewn	2025-plus	oewn:2025+	unresolved		false	0									not_applicable_no_selected_synset		not_applicable			false	true				unresolved_no_oewn_noun_synset	unresolved_no_oewn_noun_synset
lvis	306	cork (bottle plug)	cork (bottle plug)	lvis_v1_val	https://s3-us-west-2.amazonaws.com/dl.fbaipublicfiles.com/LVIS/lvis_v1_val.json.zip	LVISCategory	cork_(bottle_plug)	cork.n.04	cork_(bottle_plug)|bottle_cork	the plug in the mouth of a bottle (especially a wine bottle)	f	20	71	true	unresolved	unresolved	false				oewn	2025-plus	oewn:2025+	unresolved		false	0									not_applicable_no_selected_synset		not_applicable			false	true				unresolved_no_oewn_noun_synset	unresolved_no_oewn_noun_synset
lvis	320	crab (animal)	crab (animal)	lvis_v1_val	https://s3-us-west-2.amazonaws.com/dl.fbaipublicfiles.com/LVIS/lvis_v1_val.json.zip	LVISCategory	crab_(animal)	crab.n.01	crab_(animal)	decapod having eyes on short stalks and a broad flattened shell and pincers	c	4	7	true	unresolved	unresolved	false				oewn	2025-plus	oewn:2025+	unresolved		false	0									not_applicable_no_selected_synset		not_applicable			false	true				unresolved_no_oewn_noun_synset	unresolved_no_oewn_noun_synset
lvis	340	cub (animal)	cub (animal)	lvis_v1_val	https://s3-us-west-2.amazonaws.com/dl.fbaipublicfiles.com/LVIS/lvis_v1_val.json.zip	LVISCategory	cub_(animal)	cub.n.03	cub_(animal)	the young of certain carnivorous mammals such as the bear or wolf or lion	c	9	13	true	unresolved	unresolved	false				oewn	2025-plus	oewn:2025+	unresolved		false	0									not_applicable_no_selected_synset		not_applicable			false	true				unresolved_no_oewn_noun_synset	unresolved_no_oewn_noun_synset
lvis	345	trophy cup	trophy cup	lvis_v1_val	https://s3-us-west-2.amazonaws.com/dl.fbaipublicfiles.com/LVIS/lvis_v1_val.json.zip	LVISCategory	trophy_cup	cup.n.08	trophy_cup	a metal award or cup-shaped vessel with handles that is awarded as a trophy to a competition winner	c	6	24	true	unresolved	unresolved	false				oewn	2025-plus	oewn:2025+	unresolved		false	0									not_applicable_no_selected_synset		not_applicable			false	true				unresolved_no_oewn_noun_synset	unresolved_no_oewn_noun_synset
lvis	357	date (fruit)	date (fruit)	lvis_v1_val	https://s3-us-west-2.amazonaws.com/dl.fbaipublicfiles.com/LVIS/lvis_v1_val.json.zip	LVISCategory	date_(fruit)	date.n.08	date_(fruit)	sweet edible fruit of the date palm with a single long woody seed	r	1	16	true	unresolved	unresolved	false				oewn	2025-plus	oewn:2025+	unresolved		false	0									not_applicable_no_selected_synset		not_applicable			false	true				unresolved_no_oewn_noun_synset	unresolved_no_oewn_noun_synset
lvis	399	drum (musical instrument)	drum (musical instrument)	lvis_v1_val	https://s3-us-west-2.amazonaws.com/dl.fbaipublicfiles.com/LVIS/lvis_v1_val.json.zip	LVISCategory	drum_(musical_instrument)	drum.n.01	drum_(musical_instrument)	a musical percussion instrument; usually consists of a hollow cylinder with a membrane stretched across each end	c	4	13	true	unresolved	unresolved	false				oewn	2025-plus	oewn:2025+	unresolved		false	0									not_applicable_no_selected_synset		not_applicable			false	true				unresolved_no_oewn_noun_synset	unresolved_no_oewn_noun_synset
lvis	435	fig (fruit)	fig (fruit)	lvis_v1_val	https://s3-us-west-2.amazonaws.com/dl.fbaipublicfiles.com/LVIS/lvis_v1_val.json.zip	LVISCategory	fig_(fruit)	fig.n.04	fig_(fruit)	fleshy sweet pear-shaped yellowish or purple fruit eaten fresh or preserved or dried	r	2	12	true	unresolved	unresolved	false				oewn	2025-plus	oewn:2025+	unresolved		false	0									not_applicable_no_selected_synset		not_applicable			false	true				unresolved_no_oewn_noun_synset	unresolved_no_oewn_noun_synset
lvis	436	fighter jet	fighter jet	lvis_v1_val	https://s3-us-west-2.amazonaws.com/dl.fbaipublicfiles.com/LVIS/lvis_v1_val.json.zip	LVISCategory	fighter_jet	fighter.n.02	fighter_jet|fighter_aircraft|attack_aircraft	a high-speed military or naval airplane designed to destroy enemy targets	c	15	41	true	unresolved	unresolved	false				oewn	2025-plus	oewn:2025+	unresolved		false	0									not_applicable_no_selected_synset		not_applicable			false	true				unresolved_no_oewn_noun_synset	unresolved_no_oewn_noun_synset
lvis	439	file (tool)	file (tool)	lvis_v1_val	https://s3-us-west-2.amazonaws.com/dl.fbaipublicfiles.com/LVIS/lvis_v1_val.json.zip	LVISCategory	file_(tool)	file.n.04	file_(tool)	a steel hand tool with small sharp teeth on some or all of its surfaces; used for smoothing wood or metal	r	0	0	true	unresolved	unresolved	false				oewn	2025-plus	oewn:2025+	unresolved		false	0									not_applicable_no_selected_synset		not_applicable			false	true				unresolved_no_oewn_noun_synset	unresolved_no_oewn_noun_synset
lvis	448	fish (food)	fish (food)	lvis_v1_val	https://s3-us-west-2.amazonaws.com/dl.fbaipublicfiles.com/LVIS/lvis_v1_val.json.zip	LVISCategory	fish_(food)	fish.n.02	fish_(food)	the flesh of fish used as food	c	3	7	true	unresolved	unresolved	false				oewn	2025-plus	oewn:2025+	unresolved		false	0									not_applicable_no_selected_synset		not_applicable			false	true				unresolved_no_oewn_noun_synset	unresolved_no_oewn_noun_synset
lvis	459	flip-flop (sandal)	flip-flop (sandal)	lvis_v1_val	https://s3-us-west-2.amazonaws.com/dl.fbaipublicfiles.com/LVIS/lvis_v1_val.json.zip	LVISCategory	flip-flop_(sandal)	flip-flop.n.02	flip-flop_(sandal)	a backless sandal held to the foot by a thong between two toes	f	50	139	true	unresolved	unresolved	false				oewn	2025-plus	oewn:2025+	unresolved		false	0									not_applicable_no_selected_synset		not_applicable			false	true				unresolved_no_oewn_noun_synset	unresolved_no_oewn_noun_synset
lvis	460	flipper (footwear)	flipper (footwear)	lvis_v1_val	https://s3-us-west-2.amazonaws.com/dl.fbaipublicfiles.com/LVIS/lvis_v1_val.json.zip	LVISCategory	flipper_(footwear)	flipper.n.01	flipper_(footwear)|fin_(footwear)	a shoe to aid a person in swimming	c	2	2	true	unresolved	unresolved	false				oewn	2025-plus	oewn:2025+	unresolved		false	0									not_applicable_no_selected_synset		not_applicable			false	true				unresolved_no_oewn_noun_synset	unresolved_no_oewn_noun_synset
lvis	466	football (American)	football (american)	lvis_v1_val	https://s3-us-west-2.amazonaws.com/dl.fbaipublicfiles.com/LVIS/lvis_v1_val.json.zip	LVISCategory	football_(American)	football.n.02	football_(American)	the inflated oblong ball used in playing American football	c	6	7	true	unresolved	unresolved	false				oewn	2025-plus	oewn:2025+	unresolved		false	0									not_applicable_no_selected_synset		not_applicable			false	true				unresolved_no_oewn_noun_synset	unresolved_no_oewn_noun_synset
lvis	498	glass (drink container)	glass (drink container)	lvis_v1_val	https://s3-us-west-2.amazonaws.com/dl.fbaipublicfiles.com/LVIS/lvis_v1_val.json.zip	LVISCategory	glass_(drink_container)	glass.n.02	glass_(drink_container)|drinking_glass	a container for holding liquids while drinking	f	370	1205	true	unresolved	unresolved	false				oewn	2025-plus	oewn:2025+	unresolved		false	0									not_applicable_no_selected_synset		not_applicable			false	true				unresolved_no_oewn_noun_synset	unresolved_no_oewn_noun_synset
lvis	506	gondola (boat)	gondola (boat)	lvis_v1_val	https://s3-us-west-2.amazonaws.com/dl.fbaipublicfiles.com/LVIS/lvis_v1_val.json.zip	LVISCategory	gondola_(boat)	gondola.n.02	gondola_(boat)	long narrow flat-bottomed boat propelled by sculling; traditionally used on canals of Venice	r	1	1	true	unresolved	unresolved	false				oewn	2025-plus	oewn:2025+	unresolved		false	0									not_applicable_no_selected_synset		not_applicable			false	true				unresolved_no_oewn_noun_synset	unresolved_no_oewn_noun_synset
lvis	527	halter top	halter top	lvis_v1_val	https://s3-us-west-2.amazonaws.com/dl.fbaipublicfiles.com/LVIS/lvis_v1_val.json.zip	LVISCategory	halter_top	halter.n.03	halter_top	a woman's top that fastens behind the back and neck leaving the back and arms uncovered	r	0	0	true	unresolved	unresolved	false				oewn	2025-plus	oewn:2025+	unresolved		false	0									not_applicable_no_selected_synset		not_applicable			false	true				unresolved_no_oewn_noun_synset	unresolved_no_oewn_noun_synset
lvis	542	hardback book	hardback book	lvis_v1_val	https://s3-us-west-2.amazonaws.com/dl.fbaipublicfiles.com/LVIS/lvis_v1_val.json.zip	LVISCategory	hardback_book	hardback.n.01	hardback_book|hardcover_book	a book with cardboard or cloth or leather covers	r	0	0	true	unresolved	unresolved	false				oewn	2025-plus	oewn:2025+	unresolved		false	0									not_applicable_no_selected_synset		not_applicable			false	true				unresolved_no_oewn_noun_synset	unresolved_no_oewn_noun_synset
lvis	552	headstall (for horses)	headstall (for horses)	lvis_v1_val	https://s3-us-west-2.amazonaws.com/dl.fbaipublicfiles.com/LVIS/lvis_v1_val.json.zip	LVISCategory	headstall_(for_horses)	headstall.n.01	headstall_(for_horses)|headpiece_(for_horses)	the band that is the part of a bridle that fits around a horse's head	c	10	16	true	unresolved	unresolved	false				oewn	2025-plus	oewn:2025+	unresolved		false	0									not_applicable_no_selected_synset		not_applicable			false	true				unresolved_no_oewn_noun_synset	unresolved_no_oewn_noun_synset
lvis	563	home plate (baseball)	home plate (baseball)	lvis_v1_val	https://s3-us-west-2.amazonaws.com/dl.fbaipublicfiles.com/LVIS/lvis_v1_val.json.zip	LVISCategory	home_plate_(baseball)	home_plate.n.01	home_plate_(baseball)|home_base_(baseball)	(baseball) a rubber slab where the batter stands; it must be touched by a base runner in order to score	f	86	88	true	unresolved	unresolved	false				oewn	2025-plus	oewn:2025+	unresolved		false	0									not_applicable_no_selected_synset		not_applicable			false	true				unresolved_no_oewn_noun_synset	unresolved_no_oewn_noun_synset
lvis	565	fume hood	fume hood	lvis_v1_val	https://s3-us-west-2.amazonaws.com/dl.fbaipublicfiles.com/LVIS/lvis_v1_val.json.zip	LVISCategory	fume_hood	hood.n.06	fume_hood|exhaust_hood	metal covering leading to a vent that exhausts smoke or fumes	f	33	33	true	unresolved	unresolved	false				oewn	2025-plus	oewn:2025+	unresolved		false	0									not_applicable_no_selected_synset		not_applicable			false	true				unresolved_no_oewn_noun_synset	unresolved_no_oewn_noun_synset
lvis	587	iron (for clothing)	iron (for clothing)	lvis_v1_val	https://s3-us-west-2.amazonaws.com/dl.fbaipublicfiles.com/LVIS/lvis_v1_val.json.zip	LVISCategory	iron_(for_clothing)	iron.n.04	iron_(for_clothing)|smoothing_iron_(for_clothing)	home appliance consisting of a flat metal base that is heated and used to smooth cloth	c	6	6	true	unresolved	unresolved	false				oewn	2025-plus	oewn:2025+	unresolved		false	0									not_applicable_no_selected_synset		not_applicable			false	true				unresolved_no_oewn_noun_synset	unresolved_no_oewn_noun_synset
lvis	618	knocker (on a door)	knocker (on a door)	lvis_v1_val	https://s3-us-west-2.amazonaws.com/dl.fbaipublicfiles.com/LVIS/lvis_v1_val.json.zip	LVISCategory	knocker_(on_a_door)	knocker.n.05	knocker_(on_a_door)|doorknocker	a device (usually metal and ornamental) attached by a hinge to a door	r	2	2	true	unresolved	unresolved	false				oewn	2025-plus	oewn:2025+	unresolved		false	0									not_applicable_no_selected_synset		not_applicable			false	true				unresolved_no_oewn_noun_synset	unresolved_no_oewn_noun_synset
lvis	624	lamb (animal)	lamb (animal)	lvis_v1_val	https://s3-us-west-2.amazonaws.com/dl.fbaipublicfiles.com/LVIS/lvis_v1_val.json.zip	LVISCategory	lamb_(animal)	lamb.n.01	lamb_(animal)	young sheep	f	17	71	true	unresolved	unresolved	false				oewn	2025-plus	oewn:2025+	unresolved		false	0									not_applicable_no_selected_synset		not_applicable			false	true				unresolved_no_oewn_noun_synset	unresolved_no_oewn_noun_synset
lvis	636	legging (clothing)	legging (clothing)	lvis_v1_val	https://s3-us-west-2.amazonaws.com/dl.fbaipublicfiles.com/LVIS/lvis_v1_val.json.zip	LVISCategory	legging_(clothing)	legging.n.01	legging_(clothing)|leging_(clothing)|leg_covering	a garment covering the leg (usually extending from the knee to the ankle)	c	12	23	true	unresolved	unresolved	false				oewn	2025-plus	oewn:2025+	unresolved		false	0									not_applicable_no_selected_synset		not_applicable			false	true				unresolved_no_oewn_noun_synset	unresolved_no_oewn_noun_synset
lvis	655	speaker (stero equipment)	speaker (stero equipment)	lvis_v1_val	https://s3-us-west-2.amazonaws.com/dl.fbaipublicfiles.com/LVIS/lvis_v1_val.json.zip	LVISCategory	speaker_(stero_equipment)	loudspeaker.n.01	speaker_(stero_equipment)	electronic device that produces sound often as part of a stereo system	f	210	393	true	unresolved	unresolved	false				oewn	2025-plus	oewn:2025+	unresolved		false	0									not_applicable_no_selected_synset		not_applicable			false	true				unresolved_no_oewn_noun_synset	unresolved_no_oewn_noun_synset
lvis	661	mailbox (at home)	mailbox (at home)	lvis_v1_val	https://s3-us-west-2.amazonaws.com/dl.fbaipublicfiles.com/LVIS/lvis_v1_val.json.zip	LVISCategory	mailbox_(at_home)	mailbox.n.01	mailbox_(at_home)|letter_box_(at_home)	a private box for delivery of mail	f	22	45	true	unresolved	unresolved	false				oewn	2025-plus	oewn:2025+	unresolved		false	0									not_applicable_no_selected_synset		not_applicable			false	true				unresolved_no_oewn_noun_synset	unresolved_no_oewn_noun_synset
lvis	677	mat (gym equipment)	mat (gym equipment)	lvis_v1_val	https://s3-us-west-2.amazonaws.com/dl.fbaipublicfiles.com/LVIS/lvis_v1_val.json.zip	LVISCategory	mat_(gym_equipment)	mat.n.03	mat_(gym_equipment)|gym_mat	sports equipment consisting of a piece of thick padding on the floor for gymnastics	c	4	10	true	unresolved	unresolved	false				oewn	2025-plus	oewn:2025+	unresolved		false	0									not_applicable_no_selected_synset		not_applicable			false	true				unresolved_no_oewn_noun_synset	unresolved_no_oewn_noun_synset
lvis	696	mixer (kitchen tool)	mixer (kitchen tool)	lvis_v1_val	https://s3-us-west-2.amazonaws.com/dl.fbaipublicfiles.com/LVIS/lvis_v1_val.json.zip	LVISCategory	mixer_(kitchen_tool)	mixer.n.04	mixer_(kitchen_tool)|stand_mixer	a kitchen utensil that is used for mixing foods	c	16	20	true	unresolved	unresolved	false				oewn	2025-plus	oewn:2025+	unresolved		false	0									not_applicable_no_selected_synset		not_applicable			false	true				unresolved_no_oewn_noun_synset	unresolved_no_oewn_noun_synset
lvis	698	monitor (computer equipment) computer monitor	monitor (computer equipment) computer monitor	lvis_v1_val	https://s3-us-west-2.amazonaws.com/dl.fbaipublicfiles.com/LVIS/lvis_v1_val.json.zip	LVISCategory	monitor_(computer_equipment) computer_monitor	monitor.n.04	monitor_(computer_equipment) computer_monitor	a computer monitor	f	280	598	true	unresolved	unresolved	false				oewn	2025-plus	oewn:2025+	unresolved		false	0									not_applicable_no_selected_synset		not_applicable			false	true				unresolved_no_oewn_noun_synset	unresolved_no_oewn_noun_synset
lvis	704	mound (baseball)	mound (baseball)	lvis_v1_val	https://s3-us-west-2.amazonaws.com/dl.fbaipublicfiles.com/LVIS/lvis_v1_val.json.zip	LVISCategory	mound_(baseball)	mound.n.01	mound_(baseball)|pitcher's_mound	(baseball) the slight elevation on which the pitcher stands	f	47	48	true	unresolved	unresolved	false				oewn	2025-plus	oewn:2025+	unresolved		false	0									not_applicable_no_selected_synset		not_applicable			false	true				unresolved_no_oewn_noun_synset	unresolved_no_oewn_noun_synset
lvis	705	mouse (computer equipment)	mouse (computer equipment)	lvis_v1_val	https://s3-us-west-2.amazonaws.com/dl.fbaipublicfiles.com/LVIS/lvis_v1_val.json.zip	LVISCategory	mouse_(computer_equipment)	mouse.n.04	mouse_(computer_equipment)|computer_mouse	a computer input device that controls an on-screen pointer (does not include trackpads / touchpads)	f	289	384	true	unresolved	unresolved	false				oewn	2025-plus	oewn:2025+	unresolved		false	0									not_applicable_no_selected_synset		not_applicable			false	true				unresolved_no_oewn_noun_synset	unresolved_no_oewn_noun_synset
lvis	722	nosebag (for animals)	nosebag (for animals)	lvis_v1_val	https://s3-us-west-2.amazonaws.com/dl.fbaipublicfiles.com/LVIS/lvis_v1_val.json.zip	LVISCategory	nosebag_(for_animals)	nosebag.n.01	nosebag_(for_animals)|feedbag	a canvas bag that is used to feed an animal (such as a horse); covers the muzzle and fastens at the top of the head	r	1	1	true	unresolved	unresolved	false				oewn	2025-plus	oewn:2025+	unresolved		false	0									not_applicable_no_selected_synset		not_applicable			false	true				unresolved_no_oewn_noun_synset	unresolved_no_oewn_noun_synset
lvis	723	noseband (for animals)	noseband (for animals)	lvis_v1_val	https://s3-us-west-2.amazonaws.com/dl.fbaipublicfiles.com/LVIS/lvis_v1_val.json.zip	LVISCategory	noseband_(for_animals)	noseband.n.01	noseband_(for_animals)|nosepiece_(for_animals)	a strap that is the part of a bridle that goes over the animal's nose	c	10	21	true	unresolved	unresolved	false				oewn	2025-plus	oewn:2025+	unresolved		false	0									not_applicable_no_selected_synset		not_applicable			false	true				unresolved_no_oewn_noun_synset	unresolved_no_oewn_noun_synset
lvis	729	octopus (food)	octopus (food)	lvis_v1_val	https://s3-us-west-2.amazonaws.com/dl.fbaipublicfiles.com/LVIS/lvis_v1_val.json.zip	LVISCategory	octopus_(food)	octopus.n.01	octopus_(food)	tentacles of octopus prepared as food	r	0	0	true	unresolved	unresolved	false				oewn	2025-plus	oewn:2025+	unresolved		false	0									not_applicable_no_selected_synset		not_applicable			false	true				unresolved_no_oewn_noun_synset	unresolved_no_oewn_noun_synset
lvis	730	octopus (animal)	octopus (animal)	lvis_v1_val	https://s3-us-west-2.amazonaws.com/dl.fbaipublicfiles.com/LVIS/lvis_v1_val.json.zip	LVISCategory	octopus_(animal)	octopus.n.02	octopus_(animal)	bottom-living cephalopod having a soft oval body with eight long tentacles	r	0	0	true	unresolved	unresolved	false				oewn	2025-plus	oewn:2025+	unresolved		false	0									not_applicable_no_selected_synset		not_applicable			false	true				unresolved_no_oewn_noun_synset	unresolved_no_oewn_noun_synset
lvis	735	orange (fruit)	orange (fruit)	lvis_v1_val	https://s3-us-west-2.amazonaws.com/dl.fbaipublicfiles.com/LVIS/lvis_v1_val.json.zip	LVISCategory	orange_(fruit)	orange.n.01	orange_(fruit)	orange (FRUIT of an orange tree)	f	161	2364	true	unresolved	unresolved	false				oewn	2025-plus	oewn:2025+	unresolved		false	0									not_applicable_no_selected_synset		not_applicable			false	true				unresolved_no_oewn_noun_synset	unresolved_no_oewn_noun_synset
lvis	740	overalls (clothing)	overalls (clothing)	lvis_v1_val	https://s3-us-west-2.amazonaws.com/dl.fbaipublicfiles.com/LVIS/lvis_v1_val.json.zip	LVISCategory	overalls_(clothing)	overall.n.01	overalls_(clothing)	work clothing consisting of denim trousers usually with a bib and shoulder straps	c	13	14	true	unresolved	unresolved	false				oewn	2025-plus	oewn:2025+	unresolved		false	0									not_applicable_no_selected_synset		not_applicable			false	true				unresolved_no_oewn_noun_synset	unresolved_no_oewn_noun_synset
lvis	751	pan (for cooking)	pan (for cooking)	lvis_v1_val	https://s3-us-west-2.amazonaws.com/dl.fbaipublicfiles.com/LVIS/lvis_v1_val.json.zip	LVISCategory	pan_(for_cooking)	pan.n.01	pan_(for_cooking)|cooking_pan	cooking utensil consisting of a wide metal vessel	f	61	242	true	unresolved	unresolved	false				oewn	2025-plus	oewn:2025+	unresolved		false	0									not_applicable_no_selected_synset		not_applicable			false	true				unresolved_no_oewn_noun_synset	unresolved_no_oewn_noun_synset
lvis	752	pan (metal container)	pan (metal container)	lvis_v1_val	https://s3-us-west-2.amazonaws.com/dl.fbaipublicfiles.com/LVIS/lvis_v1_val.json.zip	LVISCategory	pan_(metal_container)	pan.n.03	pan_(metal_container)	shallow container made of metal	r	1	1	true	unresolved	unresolved	false				oewn	2025-plus	oewn:2025+	unresolved		false	0									not_applicable_no_selected_synset		not_applicable			false	true				unresolved_no_oewn_noun_synset	unresolved_no_oewn_noun_synset
lvis	762	parasail (sports)	parasail (sports)	lvis_v1_val	https://s3-us-west-2.amazonaws.com/dl.fbaipublicfiles.com/LVIS/lvis_v1_val.json.zip	LVISCategory	parasail_(sports)	parasail.n.01	parasail_(sports)	parachute that will lift a person up into the air when it is towed by a motorboat or a car	c	15	50	true	unresolved	unresolved	false				oewn	2025-plus	oewn:2025+	unresolved		false	0									not_applicable_no_selected_synset		not_applicable			false	true				unresolved_no_oewn_noun_synset	unresolved_no_oewn_noun_synset
lvis	768	passenger car (part of a train)	passenger car (part of a train)	lvis_v1_val	https://s3-us-west-2.amazonaws.com/dl.fbaipublicfiles.com/LVIS/lvis_v1_val.json.zip	LVISCategory	passenger_car_(part_of_a_train)	passenger_car.n.01	passenger_car_(part_of_a_train)|coach_(part_of_a_train)	a railcar where passengers ride	c	13	59	true	unresolved	unresolved	false				oewn	2025-plus	oewn:2025+	unresolved		false	0									not_applicable_no_selected_synset		not_applicable			false	true				unresolved_no_oewn_noun_synset	unresolved_no_oewn_noun_synset
lvis	772	patty (food)	patty (food)	lvis_v1_val	https://s3-us-west-2.amazonaws.com/dl.fbaipublicfiles.com/LVIS/lvis_v1_val.json.zip	LVISCategory	patty_(food)	patty.n.01	patty_(food)	small flat mass of chopped food	r	0	0	true	unresolved	unresolved	false				oewn	2025-plus	oewn:2025+	unresolved		false	0									not_applicable_no_selected_synset		not_applicable			false	true				unresolved_no_oewn_noun_synset	unresolved_no_oewn_noun_synset
lvis	773	pea (food)	pea (food)	lvis_v1_val	https://s3-us-west-2.amazonaws.com/dl.fbaipublicfiles.com/LVIS/lvis_v1_val.json.zip	LVISCategory	pea_(food)	pea.n.01	pea_(food)	seed of a pea plant used for food	c	19	467	true	unresolved	unresolved	false				oewn	2025-plus	oewn:2025+	unresolved		false	0									not_applicable_no_selected_synset		not_applicable			false	true				unresolved_no_oewn_noun_synset	unresolved_no_oewn_noun_synset
lvis	777	peeler (tool for fruit and vegetables)	peeler (tool for fruit and vegetables)	lvis_v1_val	https://s3-us-west-2.amazonaws.com/dl.fbaipublicfiles.com/LVIS/lvis_v1_val.json.zip	LVISCategory	peeler_(tool_for_fruit_and_vegetables)	peeler.n.03	peeler_(tool_for_fruit_and_vegetables)	a device for peeling vegetables or fruits	c	2	2	true	unresolved	unresolved	false				oewn	2025-plus	oewn:2025+	unresolved		false	0									not_applicable_no_selected_synset		not_applicable			false	true				unresolved_no_oewn_noun_synset	unresolved_no_oewn_noun_synset
lvis	788	penny (coin)	penny (coin)	lvis_v1_val	https://s3-us-west-2.amazonaws.com/dl.fbaipublicfiles.com/LVIS/lvis_v1_val.json.zip	LVISCategory	penny_(coin)	penny.n.02	penny_(coin)	a coin worth one-hundredth of the value of the basic unit	r	1	2	true	unresolved	unresolved	false				oewn	2025-plus	oewn:2025+	unresolved		false	0									not_applicable_no_selected_synset		not_applicable			false	true				unresolved_no_oewn_noun_synset	unresolved_no_oewn_noun_synset
lvis	795	pew (church bench)	pew (church bench)	lvis_v1_val	https://s3-us-west-2.amazonaws.com/dl.fbaipublicfiles.com/LVIS/lvis_v1_val.json.zip	LVISCategory	pew_(church_bench)	pew.n.01	pew_(church_bench)|church_bench	long bench with backs; used in church by the congregation	c	1	12	true	unresolved	unresolved	false				oewn	2025-plus	oewn:2025+	unresolved		false	0									not_applicable_no_selected_synset		not_applicable			false	true				unresolved_no_oewn_noun_synset	unresolved_no_oewn_noun_synset
lvis	805	pin (non jewelry)	pin (non jewelry)	lvis_v1_val	https://s3-us-west-2.amazonaws.com/dl.fbaipublicfiles.com/LVIS/lvis_v1_val.json.zip	LVISCategory	pin_(non_jewelry)	pin.n.09	pin_(non_jewelry)	a small slender (often pointed) piece of wood or metal used to support or fasten or attach things	r	4	20	true	unresolved	unresolved	false				oewn	2025-plus	oewn:2025+	unresolved		false	0									not_applicable_no_selected_synset		not_applicable			false	true				unresolved_no_oewn_noun_synset	unresolved_no_oewn_noun_synset
lvis	813	pita (bread)	pita (bread)	lvis_v1_val	https://s3-us-west-2.amazonaws.com/dl.fbaipublicfiles.com/LVIS/lvis_v1_val.json.zip	LVISCategory	pita_(bread)	pita.n.01	pita_(bread)|pocket_bread	usually small round bread that can open into a pocket for filling	c	2	4	true	unresolved	unresolved	false				oewn	2025-plus	oewn:2025+	unresolved		false	0									not_applicable_no_selected_synset		not_applicable			false	true				unresolved_no_oewn_noun_synset	unresolved_no_oewn_noun_synset
lvis	814	pitcher (vessel for liquid)	pitcher (vessel for liquid)	lvis_v1_val	https://s3-us-west-2.amazonaws.com/dl.fbaipublicfiles.com/LVIS/lvis_v1_val.json.zip	LVISCategory	pitcher_(vessel_for_liquid)	pitcher.n.02	pitcher_(vessel_for_liquid)|ewer	an open vessel with a handle and a spout for pouring	f	70	115	true	unresolved	unresolved	false				oewn	2025-plus	oewn:2025+	unresolved		false	0									not_applicable_no_selected_synset		not_applicable			false	true				unresolved_no_oewn_noun_synset	unresolved_no_oewn_noun_synset
lvis	822	plow (farm equipment)	plow (farm equipment)	lvis_v1_val	https://s3-us-west-2.amazonaws.com/dl.fbaipublicfiles.com/LVIS/lvis_v1_val.json.zip	LVISCategory	plow_(farm_equipment)	plow.n.01	plow_(farm_equipment)|plough_(farm_equipment)	a farm tool having one or more heavy blades to break the soil and cut a furrow prior to sowing	r	3	3	true	unresolved	unresolved	false				oewn	2025-plus	oewn:2025+	unresolved		false	0									not_applicable_no_selected_synset		not_applicable			false	true				unresolved_no_oewn_noun_synset	unresolved_no_oewn_noun_synset
lvis	826	poker (fire stirring tool)	poker (fire stirring tool)	lvis_v1_val	https://s3-us-west-2.amazonaws.com/dl.fbaipublicfiles.com/LVIS/lvis_v1_val.json.zip	LVISCategory	poker_(fire_stirring_tool)	poker.n.01	poker_(fire_stirring_tool)|stove_poker|fire_hook	fire iron consisting of a metal rod with a handle; used to stir a fire	c	2	4	true	unresolved	unresolved	false				oewn	2025-plus	oewn:2025+	unresolved		false	0									not_applicable_no_selected_synset		not_applicable			false	true				unresolved_no_oewn_noun_synset	unresolved_no_oewn_noun_synset
lvis	832	pop (soda)	pop (soda)	lvis_v1_val	https://s3-us-west-2.amazonaws.com/dl.fbaipublicfiles.com/LVIS/lvis_v1_val.json.zip	LVISCategory	pop_(soda)	pop.n.02	pop_(soda)|soda_(pop)|tonic|soft_drink	a sweet drink containing carbonated water and flavoring	f	42	217	true	unresolved	unresolved	false				oewn	2025-plus	oewn:2025+	unresolved		false	0									not_applicable_no_selected_synset		not_applicable			false	true				unresolved_no_oewn_noun_synset	unresolved_no_oewn_noun_synset
lvis	833	postbox (public)	postbox (public)	lvis_v1_val	https://s3-us-west-2.amazonaws.com/dl.fbaipublicfiles.com/LVIS/lvis_v1_val.json.zip	LVISCategory	postbox_(public)	postbox.n.01	postbox_(public)|mailbox_(public)	public box for deposit of mail	c	10	12	true	unresolved	unresolved	false				oewn	2025-plus	oewn:2025+	unresolved		false	0									not_applicable_no_selected_synset		not_applicable			false	true				unresolved_no_oewn_noun_synset	unresolved_no_oewn_noun_synset
lvis	846	projectile (weapon)	projectile (weapon)	lvis_v1_val	https://s3-us-west-2.amazonaws.com/dl.fbaipublicfiles.com/LVIS/lvis_v1_val.json.zip	LVISCategory	projectile_(weapon)	projectile.n.01	projectile_(weapon)|missile	a weapon that is forcibly thrown or projected at a targets	c	7	15	true	unresolved	unresolved	false				oewn	2025-plus	oewn:2025+	unresolved		false	0									not_applicable_no_selected_synset		not_applicable			false	true				unresolved_no_oewn_noun_synset	unresolved_no_oewn_noun_synset
lvis	851	puffer (fish)	puffer (fish)	lvis_v1_val	https://s3-us-west-2.amazonaws.com/dl.fbaipublicfiles.com/LVIS/lvis_v1_val.json.zip	LVISCategory	puffer_(fish)	puffer.n.02	puffer_(fish)|pufferfish|blowfish|globefish	fishes whose elongated spiny body can inflate itself with water or air to form a globe	r	0	0	true	unresolved	unresolved	false				oewn	2025-plus	oewn:2025+	unresolved		false	0									not_applicable_no_selected_synset		not_applicable			false	true				unresolved_no_oewn_noun_synset	unresolved_no_oewn_noun_synset
lvis	871	ram (animal)	ram (animal)	lvis_v1_val	https://s3-us-west-2.amazonaws.com/dl.fbaipublicfiles.com/LVIS/lvis_v1_val.json.zip	LVISCategory	ram_(animal)	ram.n.05	ram_(animal)	uncastrated adult male sheep	c	12	49	true	unresolved	unresolved	false				oewn	2025-plus	oewn:2025+	unresolved		false	0									not_applicable_no_selected_synset		not_applicable			false	true				unresolved_no_oewn_noun_synset	unresolved_no_oewn_noun_synset
lvis	875	reamer (juicer)	reamer (juicer)	lvis_v1_val	https://s3-us-west-2.amazonaws.com/dl.fbaipublicfiles.com/LVIS/lvis_v1_val.json.zip	LVISCategory	reamer_(juicer)	reamer.n.01	reamer_(juicer)|juicer|juice_reamer	a squeezer with a conical ridged center that is used for squeezing juice from citrus fruit	c	5	5	true	unresolved	unresolved	false				oewn	2025-plus	oewn:2025+	unresolved		false	0									not_applicable_no_selected_synset		not_applicable			false	true				unresolved_no_oewn_noun_synset	unresolved_no_oewn_noun_synset
lvis	883	rib (food)	rib (food)	lvis_v1_val	https://s3-us-west-2.amazonaws.com/dl.fbaipublicfiles.com/LVIS/lvis_v1_val.json.zip	LVISCategory	rib_(food)	rib.n.03	rib_(food)	cut of meat including one or more ribs	r	0	0	true	unresolved	unresolved	false				oewn	2025-plus	oewn:2025+	unresolved		false	0									not_applicable_no_selected_synset		not_applicable			false	true				unresolved_no_oewn_noun_synset	unresolved_no_oewn_noun_synset
lvis	895	router (computer equipment)	router (computer equipment)	lvis_v1_val	https://s3-us-west-2.amazonaws.com/dl.fbaipublicfiles.com/LVIS/lvis_v1_val.json.zip	LVISCategory	router_(computer_equipment)	router.n.02	router_(computer_equipment)	a device that forwards data packets between computer networks	c	6	10	true	unresolved	unresolved	false				oewn	2025-plus	oewn:2025+	unresolved		false	0									not_applicable_no_selected_synset		not_applicable			false	true				unresolved_no_oewn_noun_synset	unresolved_no_oewn_noun_synset
lvis	897	runner (carpet)	runner (carpet)	lvis_v1_val	https://s3-us-west-2.amazonaws.com/dl.fbaipublicfiles.com/LVIS/lvis_v1_val.json.zip	LVISCategory	runner_(carpet)	runner.n.08	runner_(carpet)	a long narrow carpet	c	3	4	true	unresolved	unresolved	false				oewn	2025-plus	oewn:2025+	unresolved		false	0									not_applicable_no_selected_synset		not_applicable			false	true				unresolved_no_oewn_noun_synset	unresolved_no_oewn_noun_synset
lvis	899	saddle (on an animal)	saddle (on an animal)	lvis_v1_val	https://s3-us-west-2.amazonaws.com/dl.fbaipublicfiles.com/LVIS/lvis_v1_val.json.zip	LVISCategory	saddle_(on_an_animal)	saddle.n.01	saddle_(on_an_animal)	a seat for the rider of a horse or camel	f	112	209	true	unresolved	unresolved	false				oewn	2025-plus	oewn:2025+	unresolved		false	0									not_applicable_no_selected_synset		not_applicable			false	true				unresolved_no_oewn_noun_synset	unresolved_no_oewn_noun_synset
lvis	907	salmon (fish)	salmon (fish)	lvis_v1_val	https://s3-us-west-2.amazonaws.com/dl.fbaipublicfiles.com/LVIS/lvis_v1_val.json.zip	LVISCategory	salmon_(fish)	salmon.n.01	salmon_(fish)	any of various large food and game fishes of northern waters	c	2	2	true	unresolved	unresolved	false				oewn	2025-plus	oewn:2025+	unresolved		false	0									not_applicable_no_selected_synset		not_applicable			false	true				unresolved_no_oewn_noun_synset	unresolved_no_oewn_noun_synset
lvis	908	salmon (food)	salmon (food)	lvis_v1_val	https://s3-us-west-2.amazonaws.com/dl.fbaipublicfiles.com/LVIS/lvis_v1_val.json.zip	LVISCategory	salmon_(food)	salmon.n.03	salmon_(food)	flesh of any of various marine or freshwater fish of the family Salmonidae	r	2	6	true	unresolved	unresolved	false				oewn	2025-plus	oewn:2025+	unresolved		false	0									not_applicable_no_selected_synset		not_applicable			false	true				unresolved_no_oewn_noun_synset	unresolved_no_oewn_noun_synset
lvis	911	sandal (type of shoe)	sandal (type of shoe)	lvis_v1_val	https://s3-us-west-2.amazonaws.com/dl.fbaipublicfiles.com/LVIS/lvis_v1_val.json.zip	LVISCategory	sandal_(type_of_shoe)	sandal.n.01	sandal_(type_of_shoe)	a shoe consisting of a sole fastened by straps to the foot	f	175	507	true	unresolved	unresolved	false				oewn	2025-plus	oewn:2025+	unresolved		false	0									not_applicable_no_selected_synset		not_applicable			false	true				unresolved_no_oewn_noun_synset	unresolved_no_oewn_noun_synset
lvis	919	scale (measuring instrument)	scale (measuring instrument)	lvis_v1_val	https://s3-us-west-2.amazonaws.com/dl.fbaipublicfiles.com/LVIS/lvis_v1_val.json.zip	LVISCategory	scale_(measuring_instrument)	scale.n.07	scale_(measuring_instrument)	a measuring instrument for weighing; shows amount of mass	f	37	46	true	unresolved	unresolved	false				oewn	2025-plus	oewn:2025+	unresolved		false	0									not_applicable_no_selected_synset		not_applicable			false	true				unresolved_no_oewn_noun_synset	unresolved_no_oewn_noun_synset
lvis	939	shaver (electric)	shaver (electric)	lvis_v1_val	https://s3-us-west-2.amazonaws.com/dl.fbaipublicfiles.com/LVIS/lvis_v1_val.json.zip	LVISCategory	shaver_(electric)	shaver.n.03	shaver_(electric)|electric_shaver|electric_razor	a razor powered by an electric motor	r	2	3	true	unresolved	unresolved	false				oewn	2025-plus	oewn:2025+	unresolved		false	0									not_applicable_no_selected_synset		not_applicable			false	true				unresolved_no_oewn_noun_synset	unresolved_no_oewn_noun_synset
lvis	958	shredder (for paper)	shredder (for paper)	lvis_v1_val	https://s3-us-west-2.amazonaws.com/dl.fbaipublicfiles.com/LVIS/lvis_v1_val.json.zip	LVISCategory	shredder_(for_paper)	shredder.n.01	shredder_(for_paper)	a device that shreds documents	r	0	0	true	unresolved	unresolved	false				oewn	2025-plus	oewn:2025+	unresolved		false	0									not_applicable_no_selected_synset		not_applicable			false	true				unresolved_no_oewn_noun_synset	unresolved_no_oewn_noun_synset
lvis	972	sling (bandage)	sling (bandage)	lvis_v1_val	https://s3-us-west-2.amazonaws.com/dl.fbaipublicfiles.com/LVIS/lvis_v1_val.json.zip	LVISCategory	sling_(bandage)	sling.n.05	sling_(bandage)|triangular_bandage	bandage to support an injured forearm; slung over the shoulder or neck	r	0	0	true	unresolved	unresolved	false				oewn	2025-plus	oewn:2025+	unresolved		false	0									not_applicable_no_selected_synset		not_applicable			false	true				unresolved_no_oewn_noun_synset	unresolved_no_oewn_noun_synset
lvis	973	slipper (footwear)	slipper (footwear)	lvis_v1_val	https://s3-us-west-2.amazonaws.com/dl.fbaipublicfiles.com/LVIS/lvis_v1_val.json.zip	LVISCategory	slipper_(footwear)	slipper.n.01	slipper_(footwear)|carpet_slipper_(footwear)	low footwear that can be slipped on and off easily; usually worn indoors	c	13	30	true	unresolved	unresolved	false				oewn	2025-plus	oewn:2025+	unresolved		false	0									not_applicable_no_selected_synset		not_applicable			false	true				unresolved_no_oewn_noun_synset	unresolved_no_oewn_noun_synset
lvis	992	sparkler (fireworks)	sparkler (fireworks)	lvis_v1_val	https://s3-us-west-2.amazonaws.com/dl.fbaipublicfiles.com/LVIS/lvis_v1_val.json.zip	LVISCategory	sparkler_(fireworks)	sparkler.n.02	sparkler_(fireworks)	a firework that burns slowly and throws out a shower of sparks	r	1	3	true	unresolved	unresolved	false				oewn	2025-plus	oewn:2025+	unresolved		false	0									not_applicable_no_selected_synset		not_applicable			false	true				unresolved_no_oewn_noun_synset	unresolved_no_oewn_noun_synset
lvis	1003	squid (food)	squid (food)	lvis_v1_val	https://s3-us-west-2.amazonaws.com/dl.fbaipublicfiles.com/LVIS/lvis_v1_val.json.zip	LVISCategory	squid_(food)	squid.n.01	squid_(food)|calamari|calamary	(Italian cuisine) squid prepared as food	r	0	0	true	unresolved	unresolved	false				oewn	2025-plus	oewn:2025+	unresolved		false	0									not_applicable_no_selected_synset		not_applicable			false	true				unresolved_no_oewn_noun_synset	unresolved_no_oewn_noun_synset
lvis	1006	stapler (stapling machine)	stapler (stapling machine)	lvis_v1_val	https://s3-us-west-2.amazonaws.com/dl.fbaipublicfiles.com/LVIS/lvis_v1_val.json.zip	LVISCategory	stapler_(stapling_machine)	stapler.n.01	stapler_(stapling_machine)	a machine that inserts staples into sheets of paper in order to fasten them together	c	8	8	true	unresolved	unresolved	false				oewn	2025-plus	oewn:2025+	unresolved		false	0									not_applicable_no_selected_synset		not_applicable			false	true				unresolved_no_oewn_noun_synset	unresolved_no_oewn_noun_synset
lvis	1008	statue (sculpture)	statue (sculpture)	lvis_v1_val	https://s3-us-west-2.amazonaws.com/dl.fbaipublicfiles.com/LVIS/lvis_v1_val.json.zip	LVISCategory	statue_(sculpture)	statue.n.01	statue_(sculpture)	a sculpture representing a human or animal	f	119	428	true	unresolved	unresolved	false				oewn	2025-plus	oewn:2025+	unresolved		false	0									not_applicable_no_selected_synset		not_applicable			false	true				unresolved_no_oewn_noun_synset	unresolved_no_oewn_noun_synset
lvis	1009	steak (food)	steak (food)	lvis_v1_val	https://s3-us-west-2.amazonaws.com/dl.fbaipublicfiles.com/LVIS/lvis_v1_val.json.zip	LVISCategory	steak_(food)	steak.n.01	steak_(food)	a slice of meat cut from the fleshy part of an animal or large fish	c	14	20	true	unresolved	unresolved	false				oewn	2025-plus	oewn:2025+	unresolved		false	0									not_applicable_no_selected_synset		not_applicable			false	true				unresolved_no_oewn_noun_synset	unresolved_no_oewn_noun_synset
lvis	1014	stereo (sound system)	stereo (sound system)	lvis_v1_val	https://s3-us-west-2.amazonaws.com/dl.fbaipublicfiles.com/LVIS/lvis_v1_val.json.zip	LVISCategory	stereo_(sound_system)	stereo.n.01	stereo_(sound_system)	electronic device for playing audio	c	13	19	true	unresolved	unresolved	false				oewn	2025-plus	oewn:2025+	unresolved		false	0									not_applicable_no_selected_synset		not_applicable			false	true				unresolved_no_oewn_noun_synset	unresolved_no_oewn_noun_synset
lvis	1024	straw (for drinking)	straw (for drinking)	lvis_v1_val	https://s3-us-west-2.amazonaws.com/dl.fbaipublicfiles.com/LVIS/lvis_v1_val.json.zip	LVISCategory	straw_(for_drinking)	straw.n.04	straw_(for_drinking)|drinking_straw	a thin paper or plastic tube used to suck liquids into the mouth	f	116	226	true	unresolved	unresolved	false				oewn	2025-plus	oewn:2025+	unresolved		false	0									not_applicable_no_selected_synset		not_applicable			false	true				unresolved_no_oewn_noun_synset	unresolved_no_oewn_noun_synset
lvis	1032	sugarcane (plant)	sugarcane (plant)	lvis_v1_val	https://s3-us-west-2.amazonaws.com/dl.fbaipublicfiles.com/LVIS/lvis_v1_val.json.zip	LVISCategory	sugarcane_(plant)	sugarcane.n.01	sugarcane_(plant)	juicy canes whose sap is a source of molasses and commercial sugar; fresh canes are sometimes chewed for the juice	r	0	0	true	unresolved	unresolved	false				oewn	2025-plus	oewn:2025+	unresolved		false	0									not_applicable_no_selected_synset		not_applicable			false	true				unresolved_no_oewn_noun_synset	unresolved_no_oewn_noun_synset
lvis	1033	suit (clothing)	suit (clothing)	lvis_v1_val	https://s3-us-west-2.amazonaws.com/dl.fbaipublicfiles.com/LVIS/lvis_v1_val.json.zip	LVISCategory	suit_(clothing)	suit.n.01	suit_(clothing)	a set of garments (usually including a jacket and trousers or skirt) for outerwear all of the same fabric and color	f	18	51	true	unresolved	unresolved	false				oewn	2025-plus	oewn:2025+	unresolved		false	0									not_applicable_no_selected_synset		not_applicable			false	true				unresolved_no_oewn_noun_synset	unresolved_no_oewn_noun_synset
lvis	1059	tank (storage vessel)	tank (storage vessel)	lvis_v1_val	https://s3-us-west-2.amazonaws.com/dl.fbaipublicfiles.com/LVIS/lvis_v1_val.json.zip	LVISCategory	tank_(storage_vessel)	tank.n.02	tank_(storage_vessel)|storage_tank	a large (usually metallic) vessel for holding gases or liquids	f	20	65	true	unresolved	unresolved	false				oewn	2025-plus	oewn:2025+	unresolved		false	0									not_applicable_no_selected_synset		not_applicable			false	true				unresolved_no_oewn_noun_synset	unresolved_no_oewn_noun_synset
lvis	1060	tank top (clothing)	tank top (clothing)	lvis_v1_val	https://s3-us-west-2.amazonaws.com/dl.fbaipublicfiles.com/LVIS/lvis_v1_val.json.zip	LVISCategory	tank_top_(clothing)	tank_top.n.01	tank_top_(clothing)	a tight-fitting sleeveless shirt with wide shoulder straps and low neck and no front opening	f	209	337	true	unresolved	unresolved	false				oewn	2025-plus	oewn:2025+	unresolved		false	0									not_applicable_no_selected_synset		not_applicable			false	true				unresolved_no_oewn_noun_synset	unresolved_no_oewn_noun_synset
lvis	1061	tape (sticky cloth or paper)	tape (sticky cloth or paper)	lvis_v1_val	https://s3-us-west-2.amazonaws.com/dl.fbaipublicfiles.com/LVIS/lvis_v1_val.json.zip	LVISCategory	tape_(sticky_cloth_or_paper)	tape.n.01	tape_(sticky_cloth_or_paper)	a long thin piece of cloth or paper as used for binding or fastening	f	22	42	true	unresolved	unresolved	false				oewn	2025-plus	oewn:2025+	unresolved		false	0									not_applicable_no_selected_synset		not_applicable			false	true				unresolved_no_oewn_noun_synset	unresolved_no_oewn_noun_synset
lvis	1089	tights (clothing)	tights (clothing)	lvis_v1_val	https://s3-us-west-2.amazonaws.com/dl.fbaipublicfiles.com/LVIS/lvis_v1_val.json.zip	LVISCategory	tights_(clothing)	tights.n.01	tights_(clothing)|leotards	skintight knit hose covering the body from the waist to the feet worn by acrobats and dancers and as stockings by women and girls	c	10	13	true	unresolved	unresolved	false				oewn	2025-plus	oewn:2025+	unresolved		false	0									not_applicable_no_selected_synset		not_applicable			false	true				unresolved_no_oewn_noun_synset	unresolved_no_oewn_noun_synset
lvis	1094	toast (food)	toast (food)	lvis_v1_val	https://s3-us-west-2.amazonaws.com/dl.fbaipublicfiles.com/LVIS/lvis_v1_val.json.zip	LVISCategory	toast_(food)	toast.n.01	toast_(food)	slice of bread that has been toasted	c	13	36	true	unresolved	unresolved	false				oewn	2025-plus	oewn:2025+	unresolved		false	0									not_applicable_no_selected_synset		not_applicable			false	true				unresolved_no_oewn_noun_synset	unresolved_no_oewn_noun_synset
lvis	1111	tractor (farm equipment)	tractor (farm equipment)	lvis_v1_val	https://s3-us-west-2.amazonaws.com/dl.fbaipublicfiles.com/LVIS/lvis_v1_val.json.zip	LVISCategory	tractor_(farm_equipment)	tractor.n.01	tractor_(farm_equipment)	a wheeled vehicle with large wheels; used in farming and other applications	c	11	15	true	unresolved	unresolved	false				oewn	2025-plus	oewn:2025+	unresolved		false	0									not_applicable_no_selected_synset		not_applicable			false	true				unresolved_no_oewn_noun_synset	unresolved_no_oewn_noun_synset
lvis	1115	train (railroad vehicle)	train (railroad vehicle)	lvis_v1_val	https://s3-us-west-2.amazonaws.com/dl.fbaipublicfiles.com/LVIS/lvis_v1_val.json.zip	LVISCategory	train_(railroad_vehicle)	train.n.01	train_(railroad_vehicle)|railroad_train	public or private transport provided by a line of railway cars coupled together and drawn by a locomotive	f	351	506	true	unresolved	unresolved	false				oewn	2025-plus	oewn:2025+	unresolved		false	0									not_applicable_no_selected_synset		not_applicable			false	true				unresolved_no_oewn_noun_synset	unresolved_no_oewn_noun_synset
lvis	1119	triangle (musical instrument)	triangle (musical instrument)	lvis_v1_val	https://s3-us-west-2.amazonaws.com/dl.fbaipublicfiles.com/LVIS/lvis_v1_val.json.zip	LVISCategory	triangle_(musical_instrument)	triangle.n.05	triangle_(musical_instrument)	a percussion instrument consisting of a metal bar bent in the shape of an open triangle	r	0	0	true	unresolved	unresolved	false				oewn	2025-plus	oewn:2025+	unresolved		false	0									not_applicable_no_selected_synset		not_applicable			false	true				unresolved_no_oewn_noun_synset	unresolved_no_oewn_noun_synset
lvis	1124	truffle (chocolate)	truffle (chocolate)	lvis_v1_val	https://s3-us-west-2.amazonaws.com/dl.fbaipublicfiles.com/LVIS/lvis_v1_val.json.zip	LVISCategory	truffle_(chocolate)	truffle.n.03	truffle_(chocolate)|chocolate_truffle	creamy chocolate candy	r	0	0	true	unresolved	unresolved	false				oewn	2025-plus	oewn:2025+	unresolved		false	0									not_applicable_no_selected_synset		not_applicable			false	true				unresolved_no_oewn_noun_synset	unresolved_no_oewn_noun_synset
lvis	1128	turkey (food)	turkey (food)	lvis_v1_val	https://s3-us-west-2.amazonaws.com/dl.fbaipublicfiles.com/LVIS/lvis_v1_val.json.zip	LVISCategory	turkey_(food)	turkey.n.04	turkey_(food)	flesh of large domesticated fowl usually roasted	c	8	9	true	unresolved	unresolved	false				oewn	2025-plus	oewn:2025+	unresolved		false	0									not_applicable_no_selected_synset		not_applicable			false	true				unresolved_no_oewn_noun_synset	unresolved_no_oewn_noun_synset
lvis	1131	turtleneck (clothing)	turtleneck (clothing)	lvis_v1_val	https://s3-us-west-2.amazonaws.com/dl.fbaipublicfiles.com/LVIS/lvis_v1_val.json.zip	LVISCategory	turtleneck_(clothing)	turtleneck.n.01	turtleneck_(clothing)|polo-neck	a sweater or jersey with a high close-fitting collar	c	1	1	true	unresolved	unresolved	false				oewn	2025-plus	oewn:2025+	unresolved		false	0									not_applicable_no_selected_synset		not_applicable			false	true				unresolved_no_oewn_noun_synset	unresolved_no_oewn_noun_synset
lvis	1185	window box (for plants)	window box (for plants)	lvis_v1_val	https://s3-us-west-2.amazonaws.com/dl.fbaipublicfiles.com/LVIS/lvis_v1_val.json.zip	LVISCategory	window_box_(for_plants)	window_box.n.01	window_box_(for_plants)	a container for growing plants on a windowsill	c	14	25	true	unresolved	unresolved	false				oewn	2025-plus	oewn:2025+	unresolved		false	0									not_applicable_no_selected_synset		not_applicable			false	true				unresolved_no_oewn_noun_synset	unresolved_no_oewn_noun_synset
lvis	1191	blinder (for horses)	blinder (for horses)	lvis_v1_val	https://s3-us-west-2.amazonaws.com/dl.fbaipublicfiles.com/LVIS/lvis_v1_val.json.zip	LVISCategory	blinder_(for_horses)	winker.n.02	blinder_(for_horses)	blinds that prevent a horse from seeing something on either side	f	21	49	true	unresolved	unresolved	false				oewn	2025-plus	oewn:2025+	unresolved		false	0									not_applicable_no_selected_synset		not_applicable			false	true				unresolved_no_oewn_noun_synset	unresolved_no_oewn_noun_synset
lvis	1201	yoke (animal equipment)	yoke (animal equipment)	lvis_v1_val	https://s3-us-west-2.amazonaws.com/dl.fbaipublicfiles.com/LVIS/lvis_v1_val.json.zip	LVISCategory	yoke_(animal_equipment)	yoke.n.07	yoke_(animal_equipment)	gear joining two animals at the neck; NOT egg yolk	c	3	4	true	unresolved	unresolved	false				oewn	2025-plus	oewn:2025+	unresolved		false	0									not_applicable_no_selected_synset		not_applicable			false	true				unresolved_no_oewn_noun_synset	unresolved_no_oewn_noun_synset
