dataset	category_index	label	label_key	source_version	source_url	source_class
objects365	0	Person	person	objects365_v2_mmdetection_cfd5d3a985b0	https://raw.githubusercontent.com/open-mmlab/mmdetection/cfd5d3a985b0249de009b67d04f37263e11cdf3d/mmdet/datasets/objects365.py	Objects365V2Dataset
objects365	1	Sneakers	sneakers	objects365_v2_mmdetection_cfd5d3a985b0	https://raw.githubusercontent.com/open-mmlab/mmdetection/cfd5d3a985b0249de009b67d04f37263e11cdf3d/mmdet/datasets/objects365.py	Objects365V2Dataset
objects365	2	Chair	chair	objects365_v2_mmdetection_cfd5d3a985b0	https://raw.githubusercontent.com/open-mmlab/mmdetection/cfd5d3a985b0249de009b67d04f37263e11cdf3d/mmdet/datasets/objects365.py	Objects365V2Dataset
objects365	3	Other Shoes	other shoes	objects365_v2_mmdetection_cfd5d3a985b0	https://raw.githubusercontent.com/open-mmlab/mmdetection/cfd5d3a985b0249de009b67d04f37263e11cdf3d/mmdet/datasets/objects365.py	Objects365V2Dataset
objects365	4	Hat	hat	objects365_v2_mmdetection_cfd5d3a985b0	https://raw.githubusercontent.com/open-mmlab/mmdetection/cfd5d3a985b0249de009b67d04f37263e11cdf3d/mmdet/datasets/objects365.py	Objects365V2Dataset
objects365	5	Car	car	objects365_v2_mmdetection_cfd5d3a985b0	https://raw.githubusercontent.com/open-mmlab/mmdetection/cfd5d3a985b0249de009b67d04f37263e11cdf3d/mmdet/datasets/objects365.py	Objects365V2Dataset
objects365	6	Lamp	lamp	objects365_v2_mmdetection_cfd5d3a985b0	https://raw.githubusercontent.com/open-mmlab/mmdetection/cfd5d3a985b0249de009b67d04f37263e11cdf3d/mmdet/datasets/objects365.py	Objects365V2Dataset
objects365	7	Glasses	glasses	objects365_v2_mmdetection_cfd5d3a985b0	https://raw.githubusercontent.com/open-mmlab/mmdetection/cfd5d3a985b0249de009b67d04f37263e11cdf3d/mmdet/datasets/objects365.py	Objects365V2Dataset
objects365	8	Bottle	bottle	objects365_v2_mmdetection_cfd5d3a985b0	https://raw.githubusercontent.com/open-mmlab/mmdetection/cfd5d3a985b0249de009b67d04f37263e11cdf3d/mmdet/datasets/objects365.py	Objects365V2Dataset
objects365	9	Desk	desk	objects365_v2_mmdetection_cfd5d3a985b0	https://raw.githubusercontent.com/open-mmlab/mmdetection/cfd5d3a985b0249de009b67d04f37263e11cdf3d/mmdet/datasets/objects365.py	Objects365V2Dataset
objects365	10	Cup	cup	objects365_v2_mmdetection_cfd5d3a985b0	https://raw.githubusercontent.com/open-mmlab/mmdetection/cfd5d3a985b0249de009b67d04f37263e11cdf3d/mmdet/datasets/objects365.py	Objects365V2Dataset
objects365	11	Street Lights	street lights	objects365_v2_mmdetection_cfd5d3a985b0	https://raw.githubusercontent.com/open-mmlab/mmdetection/cfd5d3a985b0249de009b67d04f37263e11cdf3d/mmdet/datasets/objects365.py	Objects365V2Dataset
objects365	12	Cabinet/shelf	cabinet/shelf	objects365_v2_mmdetection_cfd5d3a985b0	https://raw.githubusercontent.com/open-mmlab/mmdetection/cfd5d3a985b0249de009b67d04f37263e11cdf3d/mmdet/datasets/objects365.py	Objects365V2Dataset
objects365	13	Handbag/Satchel	handbag/satchel	objects365_v2_mmdetection_cfd5d3a985b0	https://raw.githubusercontent.com/open-mmlab/mmdetection/cfd5d3a985b0249de009b67d04f37263e11cdf3d/mmdet/datasets/objects365.py	Objects365V2Dataset
objects365	14	Bracelet	bracelet	objects365_v2_mmdetection_cfd5d3a985b0	https://raw.githubusercontent.com/open-mmlab/mmdetection/cfd5d3a985b0249de009b67d04f37263e11cdf3d/mmdet/datasets/objects365.py	Objects365V2Dataset
objects365	15	Plate	plate	objects365_v2_mmdetection_cfd5d3a985b0	https://raw.githubusercontent.com/open-mmlab/mmdetection/cfd5d3a985b0249de009b67d04f37263e11cdf3d/mmdet/datasets/objects365.py	Objects365V2Dataset
objects365	16	Picture/Frame	picture/frame	objects365_v2_mmdetection_cfd5d3a985b0	https://raw.githubusercontent.com/open-mmlab/mmdetection/cfd5d3a985b0249de009b67d04f37263e11cdf3d/mmdet/datasets/objects365.py	Objects365V2Dataset
objects365	17	Helmet	helmet	objects365_v2_mmdetection_cfd5d3a985b0	https://raw.githubusercontent.com/open-mmlab/mmdetection/cfd5d3a985b0249de009b67d04f37263e11cdf3d/mmdet/datasets/objects365.py	Objects365V2Dataset
objects365	18	Book	book	objects365_v2_mmdetection_cfd5d3a985b0	https://raw.githubusercontent.com/open-mmlab/mmdetection/cfd5d3a985b0249de009b67d04f37263e11cdf3d/mmdet/datasets/objects365.py	Objects365V2Dataset
objects365	19	Gloves	gloves	objects365_v2_mmdetection_cfd5d3a985b0	https://raw.githubusercontent.com/open-mmlab/mmdetection/cfd5d3a985b0249de009b67d04f37263e11cdf3d/mmdet/datasets/objects365.py	Objects365V2Dataset
objects365	20	Storage box	storage box	objects365_v2_mmdetection_cfd5d3a985b0	https://raw.githubusercontent.com/open-mmlab/mmdetection/cfd5d3a985b0249de009b67d04f37263e11cdf3d/mmdet/datasets/objects365.py	Objects365V2Dataset
objects365	21	Boat	boat	objects365_v2_mmdetection_cfd5d3a985b0	https://raw.githubusercontent.com/open-mmlab/mmdetection/cfd5d3a985b0249de009b67d04f37263e11cdf3d/mmdet/datasets/objects365.py	Objects365V2Dataset
objects365	22	Leather Shoes	leather shoes	objects365_v2_mmdetection_cfd5d3a985b0	https://raw.githubusercontent.com/open-mmlab/mmdetection/cfd5d3a985b0249de009b67d04f37263e11cdf3d/mmdet/datasets/objects365.py	Objects365V2Dataset
objects365	23	Flower	flower	objects365_v2_mmdetection_cfd5d3a985b0	https://raw.githubusercontent.com/open-mmlab/mmdetection/cfd5d3a985b0249de009b67d04f37263e11cdf3d/mmdet/datasets/objects365.py	Objects365V2Dataset
objects365	24	Bench	bench	objects365_v2_mmdetection_cfd5d3a985b0	https://raw.githubusercontent.com/open-mmlab/mmdetection/cfd5d3a985b0249de009b67d04f37263e11cdf3d/mmdet/datasets/objects365.py	Objects365V2Dataset
objects365	25	Potted Plant	potted plant	objects365_v2_mmdetection_cfd5d3a985b0	https://raw.githubusercontent.com/open-mmlab/mmdetection/cfd5d3a985b0249de009b67d04f37263e11cdf3d/mmdet/datasets/objects365.py	Objects365V2Dataset
objects365	26	Bowl/Basin	bowl/basin	objects365_v2_mmdetection_cfd5d3a985b0	https://raw.githubusercontent.com/open-mmlab/mmdetection/cfd5d3a985b0249de009b67d04f37263e11cdf3d/mmdet/datasets/objects365.py	Objects365V2Dataset
objects365	27	Flag	flag	objects365_v2_mmdetection_cfd5d3a985b0	https://raw.githubusercontent.com/open-mmlab/mmdetection/cfd5d3a985b0249de009b67d04f37263e11cdf3d/mmdet/datasets/objects365.py	Objects365V2Dataset
objects365	28	Pillow	pillow	objects365_v2_mmdetection_cfd5d3a985b0	https://raw.githubusercontent.com/open-mmlab/mmdetection/cfd5d3a985b0249de009b67d04f37263e11cdf3d/mmdet/datasets/objects365.py	Objects365V2Dataset
objects365	29	Boots	boots	objects365_v2_mmdetection_cfd5d3a985b0	https://raw.githubusercontent.com/open-mmlab/mmdetection/cfd5d3a985b0249de009b67d04f37263e11cdf3d/mmdet/datasets/objects365.py	Objects365V2Dataset
objects365	30	Vase	vase	objects365_v2_mmdetection_cfd5d3a985b0	https://raw.githubusercontent.com/open-mmlab/mmdetection/cfd5d3a985b0249de009b67d04f37263e11cdf3d/mmdet/datasets/objects365.py	Objects365V2Dataset
objects365	31	Microphone	microphone	objects365_v2_mmdetection_cfd5d3a985b0	https://raw.githubusercontent.com/open-mmlab/mmdetection/cfd5d3a985b0249de009b67d04f37263e11cdf3d/mmdet/datasets/objects365.py	Objects365V2Dataset
objects365	32	Necklace	necklace	objects365_v2_mmdetection_cfd5d3a985b0	https://raw.githubusercontent.com/open-mmlab/mmdetection/cfd5d3a985b0249de009b67d04f37263e11cdf3d/mmdet/datasets/objects365.py	Objects365V2Dataset
objects365	33	Ring	ring	objects365_v2_mmdetection_cfd5d3a985b0	https://raw.githubusercontent.com/open-mmlab/mmdetection/cfd5d3a985b0249de009b67d04f37263e11cdf3d/mmdet/datasets/objects365.py	Objects365V2Dataset
objects365	34	SUV	suv	objects365_v2_mmdetection_cfd5d3a985b0	https://raw.githubusercontent.com/open-mmlab/mmdetection/cfd5d3a985b0249de009b67d04f37263e11cdf3d/mmdet/datasets/objects365.py	Objects365V2Dataset
objects365	35	Wine Glass	wine glass	objects365_v2_mmdetection_cfd5d3a985b0	https://raw.githubusercontent.com/open-mmlab/mmdetection/cfd5d3a985b0249de009b67d04f37263e11cdf3d/mmdet/datasets/objects365.py	Objects365V2Dataset
objects365	36	Belt	belt	objects365_v2_mmdetection_cfd5d3a985b0	https://raw.githubusercontent.com/open-mmlab/mmdetection/cfd5d3a985b0249de009b67d04f37263e11cdf3d/mmdet/datasets/objects365.py	Objects365V2Dataset
objects365	37	Moniter/TV	moniter/tv	objects365_v2_mmdetection_cfd5d3a985b0	https://raw.githubusercontent.com/open-mmlab/mmdetection/cfd5d3a985b0249de009b67d04f37263e11cdf3d/mmdet/datasets/objects365.py	Objects365V2Dataset
objects365	38	Backpack	backpack	objects365_v2_mmdetection_cfd5d3a985b0	https://raw.githubusercontent.com/open-mmlab/mmdetection/cfd5d3a985b0249de009b67d04f37263e11cdf3d/mmdet/datasets/objects365.py	Objects365V2Dataset
objects365	39	Umbrella	umbrella	objects365_v2_mmdetection_cfd5d3a985b0	https://raw.githubusercontent.com/open-mmlab/mmdetection/cfd5d3a985b0249de009b67d04f37263e11cdf3d/mmdet/datasets/objects365.py	Objects365V2Dataset
objects365	40	Traffic Light	traffic light	objects365_v2_mmdetection_cfd5d3a985b0	https://raw.githubusercontent.com/open-mmlab/mmdetection/cfd5d3a985b0249de009b67d04f37263e11cdf3d/mmdet/datasets/objects365.py	Objects365V2Dataset
objects365	41	Speaker	speaker	objects365_v2_mmdetection_cfd5d3a985b0	https://raw.githubusercontent.com/open-mmlab/mmdetection/cfd5d3a985b0249de009b67d04f37263e11cdf3d/mmdet/datasets/objects365.py	Objects365V2Dataset
objects365	42	Watch	watch	objects365_v2_mmdetection_cfd5d3a985b0	https://raw.githubusercontent.com/open-mmlab/mmdetection/cfd5d3a985b0249de009b67d04f37263e11cdf3d/mmdet/datasets/objects365.py	Objects365V2Dataset
objects365	43	Tie	tie	objects365_v2_mmdetection_cfd5d3a985b0	https://raw.githubusercontent.com/open-mmlab/mmdetection/cfd5d3a985b0249de009b67d04f37263e11cdf3d/mmdet/datasets/objects365.py	Objects365V2Dataset
objects365	44	Trash bin Can	trash bin can	objects365_v2_mmdetection_cfd5d3a985b0	https://raw.githubusercontent.com/open-mmlab/mmdetection/cfd5d3a985b0249de009b67d04f37263e11cdf3d/mmdet/datasets/objects365.py	Objects365V2Dataset
objects365	45	Slippers	slippers	objects365_v2_mmdetection_cfd5d3a985b0	https://raw.githubusercontent.com/open-mmlab/mmdetection/cfd5d3a985b0249de009b67d04f37263e11cdf3d/mmdet/datasets/objects365.py	Objects365V2Dataset
objects365	46	Bicycle	bicycle	objects365_v2_mmdetection_cfd5d3a985b0	https://raw.githubusercontent.com/open-mmlab/mmdetection/cfd5d3a985b0249de009b67d04f37263e11cdf3d/mmdet/datasets/objects365.py	Objects365V2Dataset
objects365	47	Stool	stool	objects365_v2_mmdetection_cfd5d3a985b0	https://raw.githubusercontent.com/open-mmlab/mmdetection/cfd5d3a985b0249de009b67d04f37263e11cdf3d/mmdet/datasets/objects365.py	Objects365V2Dataset
objects365	48	Barrel/bucket	barrel/bucket	objects365_v2_mmdetection_cfd5d3a985b0	https://raw.githubusercontent.com/open-mmlab/mmdetection/cfd5d3a985b0249de009b67d04f37263e11cdf3d/mmdet/datasets/objects365.py	Objects365V2Dataset
objects365	49	Van	van	objects365_v2_mmdetection_cfd5d3a985b0	https://raw.githubusercontent.com/open-mmlab/mmdetection/cfd5d3a985b0249de009b67d04f37263e11cdf3d/mmdet/datasets/objects365.py	Objects365V2Dataset
objects365	50	Couch	couch	objects365_v2_mmdetection_cfd5d3a985b0	https://raw.githubusercontent.com/open-mmlab/mmdetection/cfd5d3a985b0249de009b67d04f37263e11cdf3d/mmdet/datasets/objects365.py	Objects365V2Dataset
objects365	51	Sandals	sandals	objects365_v2_mmdetection_cfd5d3a985b0	https://raw.githubusercontent.com/open-mmlab/mmdetection/cfd5d3a985b0249de009b67d04f37263e11cdf3d/mmdet/datasets/objects365.py	Objects365V2Dataset
objects365	52	Bakset	bakset	objects365_v2_mmdetection_cfd5d3a985b0	https://raw.githubusercontent.com/open-mmlab/mmdetection/cfd5d3a985b0249de009b67d04f37263e11cdf3d/mmdet/datasets/objects365.py	Objects365V2Dataset
objects365	53	Drum	drum	objects365_v2_mmdetection_cfd5d3a985b0	https://raw.githubusercontent.com/open-mmlab/mmdetection/cfd5d3a985b0249de009b67d04f37263e11cdf3d/mmdet/datasets/objects365.py	Objects365V2Dataset
objects365	54	Pen/Pencil	pen/pencil	objects365_v2_mmdetection_cfd5d3a985b0	https://raw.githubusercontent.com/open-mmlab/mmdetection/cfd5d3a985b0249de009b67d04f37263e11cdf3d/mmdet/datasets/objects365.py	Objects365V2Dataset
objects365	55	Bus	bus	objects365_v2_mmdetection_cfd5d3a985b0	https://raw.githubusercontent.com/open-mmlab/mmdetection/cfd5d3a985b0249de009b67d04f37263e11cdf3d/mmdet/datasets/objects365.py	Objects365V2Dataset
objects365	56	Wild Bird	wild bird	objects365_v2_mmdetection_cfd5d3a985b0	https://raw.githubusercontent.com/open-mmlab/mmdetection/cfd5d3a985b0249de009b67d04f37263e11cdf3d/mmdet/datasets/objects365.py	Objects365V2Dataset
objects365	57	High Heels	high heels	objects365_v2_mmdetection_cfd5d3a985b0	https://raw.githubusercontent.com/open-mmlab/mmdetection/cfd5d3a985b0249de009b67d04f37263e11cdf3d/mmdet/datasets/objects365.py	Objects365V2Dataset
objects365	58	Motorcycle	motorcycle	objects365_v2_mmdetection_cfd5d3a985b0	https://raw.githubusercontent.com/open-mmlab/mmdetection/cfd5d3a985b0249de009b67d04f37263e11cdf3d/mmdet/datasets/objects365.py	Objects365V2Dataset
objects365	59	Guitar	guitar	objects365_v2_mmdetection_cfd5d3a985b0	https://raw.githubusercontent.com/open-mmlab/mmdetection/cfd5d3a985b0249de009b67d04f37263e11cdf3d/mmdet/datasets/objects365.py	Objects365V2Dataset
objects365	60	Carpet	carpet	objects365_v2_mmdetection_cfd5d3a985b0	https://raw.githubusercontent.com/open-mmlab/mmdetection/cfd5d3a985b0249de009b67d04f37263e11cdf3d/mmdet/datasets/objects365.py	Objects365V2Dataset
objects365	61	Cell Phone	cell phone	objects365_v2_mmdetection_cfd5d3a985b0	https://raw.githubusercontent.com/open-mmlab/mmdetection/cfd5d3a985b0249de009b67d04f37263e11cdf3d/mmdet/datasets/objects365.py	Objects365V2Dataset
objects365	62	Bread	bread	objects365_v2_mmdetection_cfd5d3a985b0	https://raw.githubusercontent.com/open-mmlab/mmdetection/cfd5d3a985b0249de009b67d04f37263e11cdf3d/mmdet/datasets/objects365.py	Objects365V2Dataset
objects365	63	Camera	camera	objects365_v2_mmdetection_cfd5d3a985b0	https://raw.githubusercontent.com/open-mmlab/mmdetection/cfd5d3a985b0249de009b67d04f37263e11cdf3d/mmdet/datasets/objects365.py	Objects365V2Dataset
objects365	64	Canned	canned	objects365_v2_mmdetection_cfd5d3a985b0	https://raw.githubusercontent.com/open-mmlab/mmdetection/cfd5d3a985b0249de009b67d04f37263e11cdf3d/mmdet/datasets/objects365.py	Objects365V2Dataset
objects365	65	Truck	truck	objects365_v2_mmdetection_cfd5d3a985b0	https://raw.githubusercontent.com/open-mmlab/mmdetection/cfd5d3a985b0249de009b67d04f37263e11cdf3d/mmdet/datasets/objects365.py	Objects365V2Dataset
objects365	66	Traffic cone	traffic cone	objects365_v2_mmdetection_cfd5d3a985b0	https://raw.githubusercontent.com/open-mmlab/mmdetection/cfd5d3a985b0249de009b67d04f37263e11cdf3d/mmdet/datasets/objects365.py	Objects365V2Dataset
objects365	67	Cymbal	cymbal	objects365_v2_mmdetection_cfd5d3a985b0	https://raw.githubusercontent.com/open-mmlab/mmdetection/cfd5d3a985b0249de009b67d04f37263e11cdf3d/mmdet/datasets/objects365.py	Objects365V2Dataset
objects365	68	Lifesaver	lifesaver	objects365_v2_mmdetection_cfd5d3a985b0	https://raw.githubusercontent.com/open-mmlab/mmdetection/cfd5d3a985b0249de009b67d04f37263e11cdf3d/mmdet/datasets/objects365.py	Objects365V2Dataset
objects365	69	Towel	towel	objects365_v2_mmdetection_cfd5d3a985b0	https://raw.githubusercontent.com/open-mmlab/mmdetection/cfd5d3a985b0249de009b67d04f37263e11cdf3d/mmdet/datasets/objects365.py	Objects365V2Dataset
objects365	70	Stuffed Toy	stuffed toy	objects365_v2_mmdetection_cfd5d3a985b0	https://raw.githubusercontent.com/open-mmlab/mmdetection/cfd5d3a985b0249de009b67d04f37263e11cdf3d/mmdet/datasets/objects365.py	Objects365V2Dataset
objects365	71	Candle	candle	objects365_v2_mmdetection_cfd5d3a985b0	https://raw.githubusercontent.com/open-mmlab/mmdetection/cfd5d3a985b0249de009b67d04f37263e11cdf3d/mmdet/datasets/objects365.py	Objects365V2Dataset
objects365	72	Sailboat	sailboat	objects365_v2_mmdetection_cfd5d3a985b0	https://raw.githubusercontent.com/open-mmlab/mmdetection/cfd5d3a985b0249de009b67d04f37263e11cdf3d/mmdet/datasets/objects365.py	Objects365V2Dataset
objects365	73	Laptop	laptop	objects365_v2_mmdetection_cfd5d3a985b0	https://raw.githubusercontent.com/open-mmlab/mmdetection/cfd5d3a985b0249de009b67d04f37263e11cdf3d/mmdet/datasets/objects365.py	Objects365V2Dataset
objects365	74	Awning	awning	objects365_v2_mmdetection_cfd5d3a985b0	https://raw.githubusercontent.com/open-mmlab/mmdetection/cfd5d3a985b0249de009b67d04f37263e11cdf3d/mmdet/datasets/objects365.py	Objects365V2Dataset
objects365	75	Bed	bed	objects365_v2_mmdetection_cfd5d3a985b0	https://raw.githubusercontent.com/open-mmlab/mmdetection/cfd5d3a985b0249de009b67d04f37263e11cdf3d/mmdet/datasets/objects365.py	Objects365V2Dataset
objects365	76	Faucet	faucet	objects365_v2_mmdetection_cfd5d3a985b0	https://raw.githubusercontent.com/open-mmlab/mmdetection/cfd5d3a985b0249de009b67d04f37263e11cdf3d/mmdet/datasets/objects365.py	Objects365V2Dataset
objects365	77	Tent	tent	objects365_v2_mmdetection_cfd5d3a985b0	https://raw.githubusercontent.com/open-mmlab/mmdetection/cfd5d3a985b0249de009b67d04f37263e11cdf3d/mmdet/datasets/objects365.py	Objects365V2Dataset
objects365	78	Horse	horse	objects365_v2_mmdetection_cfd5d3a985b0	https://raw.githubusercontent.com/open-mmlab/mmdetection/cfd5d3a985b0249de009b67d04f37263e11cdf3d/mmdet/datasets/objects365.py	Objects365V2Dataset
objects365	79	Mirror	mirror	objects365_v2_mmdetection_cfd5d3a985b0	https://raw.githubusercontent.com/open-mmlab/mmdetection/cfd5d3a985b0249de009b67d04f37263e11cdf3d/mmdet/datasets/objects365.py	Objects365V2Dataset
objects365	80	Power outlet	power outlet	objects365_v2_mmdetection_cfd5d3a985b0	https://raw.githubusercontent.com/open-mmlab/mmdetection/cfd5d3a985b0249de009b67d04f37263e11cdf3d/mmdet/datasets/objects365.py	Objects365V2Dataset
objects365	81	Sink	sink	objects365_v2_mmdetection_cfd5d3a985b0	https://raw.githubusercontent.com/open-mmlab/mmdetection/cfd5d3a985b0249de009b67d04f37263e11cdf3d/mmdet/datasets/objects365.py	Objects365V2Dataset
objects365	82	Apple	apple	objects365_v2_mmdetection_cfd5d3a985b0	https://raw.githubusercontent.com/open-mmlab/mmdetection/cfd5d3a985b0249de009b67d04f37263e11cdf3d/mmdet/datasets/objects365.py	Objects365V2Dataset
objects365	83	Air Conditioner	air conditioner	objects365_v2_mmdetection_cfd5d3a985b0	https://raw.githubusercontent.com/open-mmlab/mmdetection/cfd5d3a985b0249de009b67d04f37263e11cdf3d/mmdet/datasets/objects365.py	Objects365V2Dataset
objects365	84	Knife	knife	objects365_v2_mmdetection_cfd5d3a985b0	https://raw.githubusercontent.com/open-mmlab/mmdetection/cfd5d3a985b0249de009b67d04f37263e11cdf3d/mmdet/datasets/objects365.py	Objects365V2Dataset
objects365	85	Hockey Stick	hockey stick	objects365_v2_mmdetection_cfd5d3a985b0	https://raw.githubusercontent.com/open-mmlab/mmdetection/cfd5d3a985b0249de009b67d04f37263e11cdf3d/mmdet/datasets/objects365.py	Objects365V2Dataset
objects365	86	Paddle	paddle	objects365_v2_mmdetection_cfd5d3a985b0	https://raw.githubusercontent.com/open-mmlab/mmdetection/cfd5d3a985b0249de009b67d04f37263e11cdf3d/mmdet/datasets/objects365.py	Objects365V2Dataset
objects365	87	Pickup Truck	pickup truck	objects365_v2_mmdetection_cfd5d3a985b0	https://raw.githubusercontent.com/open-mmlab/mmdetection/cfd5d3a985b0249de009b67d04f37263e11cdf3d/mmdet/datasets/objects365.py	Objects365V2Dataset
objects365	88	Fork	fork	objects365_v2_mmdetection_cfd5d3a985b0	https://raw.githubusercontent.com/open-mmlab/mmdetection/cfd5d3a985b0249de009b67d04f37263e11cdf3d/mmdet/datasets/objects365.py	Objects365V2Dataset
objects365	89	Traffic Sign	traffic sign	objects365_v2_mmdetection_cfd5d3a985b0	https://raw.githubusercontent.com/open-mmlab/mmdetection/cfd5d3a985b0249de009b67d04f37263e11cdf3d/mmdet/datasets/objects365.py	Objects365V2Dataset
objects365	90	Ballon	ballon	objects365_v2_mmdetection_cfd5d3a985b0	https://raw.githubusercontent.com/open-mmlab/mmdetection/cfd5d3a985b0249de009b67d04f37263e11cdf3d/mmdet/datasets/objects365.py	Objects365V2Dataset
objects365	91	Tripod	tripod	objects365_v2_mmdetection_cfd5d3a985b0	https://raw.githubusercontent.com/open-mmlab/mmdetection/cfd5d3a985b0249de009b67d04f37263e11cdf3d/mmdet/datasets/objects365.py	Objects365V2Dataset
objects365	92	Dog	dog	objects365_v2_mmdetection_cfd5d3a985b0	https://raw.githubusercontent.com/open-mmlab/mmdetection/cfd5d3a985b0249de009b67d04f37263e11cdf3d/mmdet/datasets/objects365.py	Objects365V2Dataset
objects365	93	Spoon	spoon	objects365_v2_mmdetection_cfd5d3a985b0	https://raw.githubusercontent.com/open-mmlab/mmdetection/cfd5d3a985b0249de009b67d04f37263e11cdf3d/mmdet/datasets/objects365.py	Objects365V2Dataset
objects365	94	Clock	clock	objects365_v2_mmdetection_cfd5d3a985b0	https://raw.githubusercontent.com/open-mmlab/mmdetection/cfd5d3a985b0249de009b67d04f37263e11cdf3d/mmdet/datasets/objects365.py	Objects365V2Dataset
objects365	95	Pot	pot	objects365_v2_mmdetection_cfd5d3a985b0	https://raw.githubusercontent.com/open-mmlab/mmdetection/cfd5d3a985b0249de009b67d04f37263e11cdf3d/mmdet/datasets/objects365.py	Objects365V2Dataset
objects365	96	Cow	cow	objects365_v2_mmdetection_cfd5d3a985b0	https://raw.githubusercontent.com/open-mmlab/mmdetection/cfd5d3a985b0249de009b67d04f37263e11cdf3d/mmdet/datasets/objects365.py	Objects365V2Dataset
objects365	97	Cake	cake	objects365_v2_mmdetection_cfd5d3a985b0	https://raw.githubusercontent.com/open-mmlab/mmdetection/cfd5d3a985b0249de009b67d04f37263e11cdf3d/mmdet/datasets/objects365.py	Objects365V2Dataset
objects365	98	Dinning Table	dinning table	objects365_v2_mmdetection_cfd5d3a985b0	https://raw.githubusercontent.com/open-mmlab/mmdetection/cfd5d3a985b0249de009b67d04f37263e11cdf3d/mmdet/datasets/objects365.py	Objects365V2Dataset
objects365	99	Sheep	sheep	objects365_v2_mmdetection_cfd5d3a985b0	https://raw.githubusercontent.com/open-mmlab/mmdetection/cfd5d3a985b0249de009b67d04f37263e11cdf3d/mmdet/datasets/objects365.py	Objects365V2Dataset
objects365	100	Hanger	hanger	objects365_v2_mmdetection_cfd5d3a985b0	https://raw.githubusercontent.com/open-mmlab/mmdetection/cfd5d3a985b0249de009b67d04f37263e11cdf3d/mmdet/datasets/objects365.py	Objects365V2Dataset
objects365	101	Blackboard/Whiteboard	blackboard/whiteboard	objects365_v2_mmdetection_cfd5d3a985b0	https://raw.githubusercontent.com/open-mmlab/mmdetection/cfd5d3a985b0249de009b67d04f37263e11cdf3d/mmdet/datasets/objects365.py	Objects365V2Dataset
objects365	102	Napkin	napkin	objects365_v2_mmdetection_cfd5d3a985b0	https://raw.githubusercontent.com/open-mmlab/mmdetection/cfd5d3a985b0249de009b67d04f37263e11cdf3d/mmdet/datasets/objects365.py	Objects365V2Dataset
objects365	103	Other Fish	other fish	objects365_v2_mmdetection_cfd5d3a985b0	https://raw.githubusercontent.com/open-mmlab/mmdetection/cfd5d3a985b0249de009b67d04f37263e11cdf3d/mmdet/datasets/objects365.py	Objects365V2Dataset
objects365	104	Orange/Tangerine	orange/tangerine	objects365_v2_mmdetection_cfd5d3a985b0	https://raw.githubusercontent.com/open-mmlab/mmdetection/cfd5d3a985b0249de009b67d04f37263e11cdf3d/mmdet/datasets/objects365.py	Objects365V2Dataset
objects365	105	Toiletry	toiletry	objects365_v2_mmdetection_cfd5d3a985b0	https://raw.githubusercontent.com/open-mmlab/mmdetection/cfd5d3a985b0249de009b67d04f37263e11cdf3d/mmdet/datasets/objects365.py	Objects365V2Dataset
objects365	106	Keyboard	keyboard	objects365_v2_mmdetection_cfd5d3a985b0	https://raw.githubusercontent.com/open-mmlab/mmdetection/cfd5d3a985b0249de009b67d04f37263e11cdf3d/mmdet/datasets/objects365.py	Objects365V2Dataset
objects365	107	Tomato	tomato	objects365_v2_mmdetection_cfd5d3a985b0	https://raw.githubusercontent.com/open-mmlab/mmdetection/cfd5d3a985b0249de009b67d04f37263e11cdf3d/mmdet/datasets/objects365.py	Objects365V2Dataset
objects365	108	Lantern	lantern	objects365_v2_mmdetection_cfd5d3a985b0	https://raw.githubusercontent.com/open-mmlab/mmdetection/cfd5d3a985b0249de009b67d04f37263e11cdf3d/mmdet/datasets/objects365.py	Objects365V2Dataset
objects365	109	Machinery Vehicle	machinery vehicle	objects365_v2_mmdetection_cfd5d3a985b0	https://raw.githubusercontent.com/open-mmlab/mmdetection/cfd5d3a985b0249de009b67d04f37263e11cdf3d/mmdet/datasets/objects365.py	Objects365V2Dataset
objects365	110	Fan	fan	objects365_v2_mmdetection_cfd5d3a985b0	https://raw.githubusercontent.com/open-mmlab/mmdetection/cfd5d3a985b0249de009b67d04f37263e11cdf3d/mmdet/datasets/objects365.py	Objects365V2Dataset
objects365	111	Green Vegetables	green vegetables	objects365_v2_mmdetection_cfd5d3a985b0	https://raw.githubusercontent.com/open-mmlab/mmdetection/cfd5d3a985b0249de009b67d04f37263e11cdf3d/mmdet/datasets/objects365.py	Objects365V2Dataset
objects365	112	Banana	banana	objects365_v2_mmdetection_cfd5d3a985b0	https://raw.githubusercontent.com/open-mmlab/mmdetection/cfd5d3a985b0249de009b67d04f37263e11cdf3d/mmdet/datasets/objects365.py	Objects365V2Dataset
objects365	113	Baseball Glove	baseball glove	objects365_v2_mmdetection_cfd5d3a985b0	https://raw.githubusercontent.com/open-mmlab/mmdetection/cfd5d3a985b0249de009b67d04f37263e11cdf3d/mmdet/datasets/objects365.py	Objects365V2Dataset
objects365	114	Airplane	airplane	objects365_v2_mmdetection_cfd5d3a985b0	https://raw.githubusercontent.com/open-mmlab/mmdetection/cfd5d3a985b0249de009b67d04f37263e11cdf3d/mmdet/datasets/objects365.py	Objects365V2Dataset
objects365	115	Mouse	mouse	objects365_v2_mmdetection_cfd5d3a985b0	https://raw.githubusercontent.com/open-mmlab/mmdetection/cfd5d3a985b0249de009b67d04f37263e11cdf3d/mmdet/datasets/objects365.py	Objects365V2Dataset
objects365	116	Train	train	objects365_v2_mmdetection_cfd5d3a985b0	https://raw.githubusercontent.com/open-mmlab/mmdetection/cfd5d3a985b0249de009b67d04f37263e11cdf3d/mmdet/datasets/objects365.py	Objects365V2Dataset
objects365	117	Pumpkin	pumpkin	objects365_v2_mmdetection_cfd5d3a985b0	https://raw.githubusercontent.com/open-mmlab/mmdetection/cfd5d3a985b0249de009b67d04f37263e11cdf3d/mmdet/datasets/objects365.py	Objects365V2Dataset
objects365	118	Soccer	soccer	objects365_v2_mmdetection_cfd5d3a985b0	https://raw.githubusercontent.com/open-mmlab/mmdetection/cfd5d3a985b0249de009b67d04f37263e11cdf3d/mmdet/datasets/objects365.py	Objects365V2Dataset
objects365	119	Skiboard	skiboard	objects365_v2_mmdetection_cfd5d3a985b0	https://raw.githubusercontent.com/open-mmlab/mmdetection/cfd5d3a985b0249de009b67d04f37263e11cdf3d/mmdet/datasets/objects365.py	Objects365V2Dataset
objects365	120	Luggage	luggage	objects365_v2_mmdetection_cfd5d3a985b0	https://raw.githubusercontent.com/open-mmlab/mmdetection/cfd5d3a985b0249de009b67d04f37263e11cdf3d/mmdet/datasets/objects365.py	Objects365V2Dataset
objects365	121	Nightstand	nightstand	objects365_v2_mmdetection_cfd5d3a985b0	https://raw.githubusercontent.com/open-mmlab/mmdetection/cfd5d3a985b0249de009b67d04f37263e11cdf3d/mmdet/datasets/objects365.py	Objects365V2Dataset
objects365	122	Tea pot	tea pot	objects365_v2_mmdetection_cfd5d3a985b0	https://raw.githubusercontent.com/open-mmlab/mmdetection/cfd5d3a985b0249de009b67d04f37263e11cdf3d/mmdet/datasets/objects365.py	Objects365V2Dataset
objects365	123	Telephone	telephone	objects365_v2_mmdetection_cfd5d3a985b0	https://raw.githubusercontent.com/open-mmlab/mmdetection/cfd5d3a985b0249de009b67d04f37263e11cdf3d/mmdet/datasets/objects365.py	Objects365V2Dataset
objects365	124	Trolley	trolley	objects365_v2_mmdetection_cfd5d3a985b0	https://raw.githubusercontent.com/open-mmlab/mmdetection/cfd5d3a985b0249de009b67d04f37263e11cdf3d/mmdet/datasets/objects365.py	Objects365V2Dataset
objects365	125	Head Phone	head phone	objects365_v2_mmdetection_cfd5d3a985b0	https://raw.githubusercontent.com/open-mmlab/mmdetection/cfd5d3a985b0249de009b67d04f37263e11cdf3d/mmdet/datasets/objects365.py	Objects365V2Dataset
objects365	126	Sports Car	sports car	objects365_v2_mmdetection_cfd5d3a985b0	https://raw.githubusercontent.com/open-mmlab/mmdetection/cfd5d3a985b0249de009b67d04f37263e11cdf3d/mmdet/datasets/objects365.py	Objects365V2Dataset
objects365	127	Stop Sign	stop sign	objects365_v2_mmdetection_cfd5d3a985b0	https://raw.githubusercontent.com/open-mmlab/mmdetection/cfd5d3a985b0249de009b67d04f37263e11cdf3d/mmdet/datasets/objects365.py	Objects365V2Dataset
objects365	128	Dessert	dessert	objects365_v2_mmdetection_cfd5d3a985b0	https://raw.githubusercontent.com/open-mmlab/mmdetection/cfd5d3a985b0249de009b67d04f37263e11cdf3d/mmdet/datasets/objects365.py	Objects365V2Dataset
objects365	129	Scooter	scooter	objects365_v2_mmdetection_cfd5d3a985b0	https://raw.githubusercontent.com/open-mmlab/mmdetection/cfd5d3a985b0249de009b67d04f37263e11cdf3d/mmdet/datasets/objects365.py	Objects365V2Dataset
objects365	130	Stroller	stroller	objects365_v2_mmdetection_cfd5d3a985b0	https://raw.githubusercontent.com/open-mmlab/mmdetection/cfd5d3a985b0249de009b67d04f37263e11cdf3d/mmdet/datasets/objects365.py	Objects365V2Dataset
objects365	131	Crane	crane	objects365_v2_mmdetection_cfd5d3a985b0	https://raw.githubusercontent.com/open-mmlab/mmdetection/cfd5d3a985b0249de009b67d04f37263e11cdf3d/mmdet/datasets/objects365.py	Objects365V2Dataset
objects365	132	Remote	remote	objects365_v2_mmdetection_cfd5d3a985b0	https://raw.githubusercontent.com/open-mmlab/mmdetection/cfd5d3a985b0249de009b67d04f37263e11cdf3d/mmdet/datasets/objects365.py	Objects365V2Dataset
objects365	133	Refrigerator	refrigerator	objects365_v2_mmdetection_cfd5d3a985b0	https://raw.githubusercontent.com/open-mmlab/mmdetection/cfd5d3a985b0249de009b67d04f37263e11cdf3d/mmdet/datasets/objects365.py	Objects365V2Dataset
objects365	134	Oven	oven	objects365_v2_mmdetection_cfd5d3a985b0	https://raw.githubusercontent.com/open-mmlab/mmdetection/cfd5d3a985b0249de009b67d04f37263e11cdf3d/mmdet/datasets/objects365.py	Objects365V2Dataset
objects365	135	Lemon	lemon	objects365_v2_mmdetection_cfd5d3a985b0	https://raw.githubusercontent.com/open-mmlab/mmdetection/cfd5d3a985b0249de009b67d04f37263e11cdf3d/mmdet/datasets/objects365.py	Objects365V2Dataset
objects365	136	Duck	duck	objects365_v2_mmdetection_cfd5d3a985b0	https://raw.githubusercontent.com/open-mmlab/mmdetection/cfd5d3a985b0249de009b67d04f37263e11cdf3d/mmdet/datasets/objects365.py	Objects365V2Dataset
objects365	137	Baseball Bat	baseball bat	objects365_v2_mmdetection_cfd5d3a985b0	https://raw.githubusercontent.com/open-mmlab/mmdetection/cfd5d3a985b0249de009b67d04f37263e11cdf3d/mmdet/datasets/objects365.py	Objects365V2Dataset
objects365	138	Surveillance Camera	surveillance camera	objects365_v2_mmdetection_cfd5d3a985b0	https://raw.githubusercontent.com/open-mmlab/mmdetection/cfd5d3a985b0249de009b67d04f37263e11cdf3d/mmdet/datasets/objects365.py	Objects365V2Dataset
objects365	139	Cat	cat	objects365_v2_mmdetection_cfd5d3a985b0	https://raw.githubusercontent.com/open-mmlab/mmdetection/cfd5d3a985b0249de009b67d04f37263e11cdf3d/mmdet/datasets/objects365.py	Objects365V2Dataset
objects365	140	Jug	jug	objects365_v2_mmdetection_cfd5d3a985b0	https://raw.githubusercontent.com/open-mmlab/mmdetection/cfd5d3a985b0249de009b67d04f37263e11cdf3d/mmdet/datasets/objects365.py	Objects365V2Dataset
objects365	141	Broccoli	broccoli	objects365_v2_mmdetection_cfd5d3a985b0	https://raw.githubusercontent.com/open-mmlab/mmdetection/cfd5d3a985b0249de009b67d04f37263e11cdf3d/mmdet/datasets/objects365.py	Objects365V2Dataset
objects365	142	Piano	piano	objects365_v2_mmdetection_cfd5d3a985b0	https://raw.githubusercontent.com/open-mmlab/mmdetection/cfd5d3a985b0249de009b67d04f37263e11cdf3d/mmdet/datasets/objects365.py	Objects365V2Dataset
objects365	143	Pizza	pizza	objects365_v2_mmdetection_cfd5d3a985b0	https://raw.githubusercontent.com/open-mmlab/mmdetection/cfd5d3a985b0249de009b67d04f37263e11cdf3d/mmdet/datasets/objects365.py	Objects365V2Dataset
objects365	144	Elephant	elephant	objects365_v2_mmdetection_cfd5d3a985b0	https://raw.githubusercontent.com/open-mmlab/mmdetection/cfd5d3a985b0249de009b67d04f37263e11cdf3d/mmdet/datasets/objects365.py	Objects365V2Dataset
objects365	145	Skateboard	skateboard	objects365_v2_mmdetection_cfd5d3a985b0	https://raw.githubusercontent.com/open-mmlab/mmdetection/cfd5d3a985b0249de009b67d04f37263e11cdf3d/mmdet/datasets/objects365.py	Objects365V2Dataset
objects365	146	Surfboard	surfboard	objects365_v2_mmdetection_cfd5d3a985b0	https://raw.githubusercontent.com/open-mmlab/mmdetection/cfd5d3a985b0249de009b67d04f37263e11cdf3d/mmdet/datasets/objects365.py	Objects365V2Dataset
objects365	147	Gun	gun	objects365_v2_mmdetection_cfd5d3a985b0	https://raw.githubusercontent.com/open-mmlab/mmdetection/cfd5d3a985b0249de009b67d04f37263e11cdf3d/mmdet/datasets/objects365.py	Objects365V2Dataset
objects365	148	Skating and Skiing shoes	skating and skiing shoes	objects365_v2_mmdetection_cfd5d3a985b0	https://raw.githubusercontent.com/open-mmlab/mmdetection/cfd5d3a985b0249de009b67d04f37263e11cdf3d/mmdet/datasets/objects365.py	Objects365V2Dataset
objects365	149	Gas stove	gas stove	objects365_v2_mmdetection_cfd5d3a985b0	https://raw.githubusercontent.com/open-mmlab/mmdetection/cfd5d3a985b0249de009b67d04f37263e11cdf3d/mmdet/datasets/objects365.py	Objects365V2Dataset
objects365	150	Donut	donut	objects365_v2_mmdetection_cfd5d3a985b0	https://raw.githubusercontent.com/open-mmlab/mmdetection/cfd5d3a985b0249de009b67d04f37263e11cdf3d/mmdet/datasets/objects365.py	Objects365V2Dataset
objects365	151	Bow Tie	bow tie	objects365_v2_mmdetection_cfd5d3a985b0	https://raw.githubusercontent.com/open-mmlab/mmdetection/cfd5d3a985b0249de009b67d04f37263e11cdf3d/mmdet/datasets/objects365.py	Objects365V2Dataset
objects365	152	Carrot	carrot	objects365_v2_mmdetection_cfd5d3a985b0	https://raw.githubusercontent.com/open-mmlab/mmdetection/cfd5d3a985b0249de009b67d04f37263e11cdf3d/mmdet/datasets/objects365.py	Objects365V2Dataset
objects365	153	Toilet	toilet	objects365_v2_mmdetection_cfd5d3a985b0	https://raw.githubusercontent.com/open-mmlab/mmdetection/cfd5d3a985b0249de009b67d04f37263e11cdf3d/mmdet/datasets/objects365.py	Objects365V2Dataset
objects365	154	Kite	kite	objects365_v2_mmdetection_cfd5d3a985b0	https://raw.githubusercontent.com/open-mmlab/mmdetection/cfd5d3a985b0249de009b67d04f37263e11cdf3d/mmdet/datasets/objects365.py	Objects365V2Dataset
objects365	155	Strawberry	strawberry	objects365_v2_mmdetection_cfd5d3a985b0	https://raw.githubusercontent.com/open-mmlab/mmdetection/cfd5d3a985b0249de009b67d04f37263e11cdf3d/mmdet/datasets/objects365.py	Objects365V2Dataset
objects365	156	Other Balls	other balls	objects365_v2_mmdetection_cfd5d3a985b0	https://raw.githubusercontent.com/open-mmlab/mmdetection/cfd5d3a985b0249de009b67d04f37263e11cdf3d/mmdet/datasets/objects365.py	Objects365V2Dataset
objects365	157	Shovel	shovel	objects365_v2_mmdetection_cfd5d3a985b0	https://raw.githubusercontent.com/open-mmlab/mmdetection/cfd5d3a985b0249de009b67d04f37263e11cdf3d/mmdet/datasets/objects365.py	Objects365V2Dataset
objects365	158	Pepper	pepper	objects365_v2_mmdetection_cfd5d3a985b0	https://raw.githubusercontent.com/open-mmlab/mmdetection/cfd5d3a985b0249de009b67d04f37263e11cdf3d/mmdet/datasets/objects365.py	Objects365V2Dataset
objects365	159	Computer Box	computer box	objects365_v2_mmdetection_cfd5d3a985b0	https://raw.githubusercontent.com/open-mmlab/mmdetection/cfd5d3a985b0249de009b67d04f37263e11cdf3d/mmdet/datasets/objects365.py	Objects365V2Dataset
objects365	160	Toilet Paper	toilet paper	objects365_v2_mmdetection_cfd5d3a985b0	https://raw.githubusercontent.com/open-mmlab/mmdetection/cfd5d3a985b0249de009b67d04f37263e11cdf3d/mmdet/datasets/objects365.py	Objects365V2Dataset
objects365	161	Cleaning Products	cleaning products	objects365_v2_mmdetection_cfd5d3a985b0	https://raw.githubusercontent.com/open-mmlab/mmdetection/cfd5d3a985b0249de009b67d04f37263e11cdf3d/mmdet/datasets/objects365.py	Objects365V2Dataset
objects365	162	Chopsticks	chopsticks	objects365_v2_mmdetection_cfd5d3a985b0	https://raw.githubusercontent.com/open-mmlab/mmdetection/cfd5d3a985b0249de009b67d04f37263e11cdf3d/mmdet/datasets/objects365.py	Objects365V2Dataset
objects365	163	Microwave	microwave	objects365_v2_mmdetection_cfd5d3a985b0	https://raw.githubusercontent.com/open-mmlab/mmdetection/cfd5d3a985b0249de009b67d04f37263e11cdf3d/mmdet/datasets/objects365.py	Objects365V2Dataset
objects365	164	Pigeon	pigeon	objects365_v2_mmdetection_cfd5d3a985b0	https://raw.githubusercontent.com/open-mmlab/mmdetection/cfd5d3a985b0249de009b67d04f37263e11cdf3d/mmdet/datasets/objects365.py	Objects365V2Dataset
objects365	165	Baseball	baseball	objects365_v2_mmdetection_cfd5d3a985b0	https://raw.githubusercontent.com/open-mmlab/mmdetection/cfd5d3a985b0249de009b67d04f37263e11cdf3d/mmdet/datasets/objects365.py	Objects365V2Dataset
objects365	166	Cutting/chopping Board	cutting/chopping board	objects365_v2_mmdetection_cfd5d3a985b0	https://raw.githubusercontent.com/open-mmlab/mmdetection/cfd5d3a985b0249de009b67d04f37263e11cdf3d/mmdet/datasets/objects365.py	Objects365V2Dataset
objects365	167	Coffee Table	coffee table	objects365_v2_mmdetection_cfd5d3a985b0	https://raw.githubusercontent.com/open-mmlab/mmdetection/cfd5d3a985b0249de009b67d04f37263e11cdf3d/mmdet/datasets/objects365.py	Objects365V2Dataset
objects365	168	Side Table	side table	objects365_v2_mmdetection_cfd5d3a985b0	https://raw.githubusercontent.com/open-mmlab/mmdetection/cfd5d3a985b0249de009b67d04f37263e11cdf3d/mmdet/datasets/objects365.py	Objects365V2Dataset
objects365	169	Scissors	scissors	objects365_v2_mmdetection_cfd5d3a985b0	https://raw.githubusercontent.com/open-mmlab/mmdetection/cfd5d3a985b0249de009b67d04f37263e11cdf3d/mmdet/datasets/objects365.py	Objects365V2Dataset
objects365	170	Marker	marker	objects365_v2_mmdetection_cfd5d3a985b0	https://raw.githubusercontent.com/open-mmlab/mmdetection/cfd5d3a985b0249de009b67d04f37263e11cdf3d/mmdet/datasets/objects365.py	Objects365V2Dataset
objects365	171	Pie	pie	objects365_v2_mmdetection_cfd5d3a985b0	https://raw.githubusercontent.com/open-mmlab/mmdetection/cfd5d3a985b0249de009b67d04f37263e11cdf3d/mmdet/datasets/objects365.py	Objects365V2Dataset
objects365	172	Ladder	ladder	objects365_v2_mmdetection_cfd5d3a985b0	https://raw.githubusercontent.com/open-mmlab/mmdetection/cfd5d3a985b0249de009b67d04f37263e11cdf3d/mmdet/datasets/objects365.py	Objects365V2Dataset
objects365	173	Snowboard	snowboard	objects365_v2_mmdetection_cfd5d3a985b0	https://raw.githubusercontent.com/open-mmlab/mmdetection/cfd5d3a985b0249de009b67d04f37263e11cdf3d/mmdet/datasets/objects365.py	Objects365V2Dataset
objects365	174	Cookies	cookies	objects365_v2_mmdetection_cfd5d3a985b0	https://raw.githubusercontent.com/open-mmlab/mmdetection/cfd5d3a985b0249de009b67d04f37263e11cdf3d/mmdet/datasets/objects365.py	Objects365V2Dataset
objects365	175	Radiator	radiator	objects365_v2_mmdetection_cfd5d3a985b0	https://raw.githubusercontent.com/open-mmlab/mmdetection/cfd5d3a985b0249de009b67d04f37263e11cdf3d/mmdet/datasets/objects365.py	Objects365V2Dataset
objects365	176	Fire Hydrant	fire hydrant	objects365_v2_mmdetection_cfd5d3a985b0	https://raw.githubusercontent.com/open-mmlab/mmdetection/cfd5d3a985b0249de009b67d04f37263e11cdf3d/mmdet/datasets/objects365.py	Objects365V2Dataset
objects365	177	Basketball	basketball	objects365_v2_mmdetection_cfd5d3a985b0	https://raw.githubusercontent.com/open-mmlab/mmdetection/cfd5d3a985b0249de009b67d04f37263e11cdf3d/mmdet/datasets/objects365.py	Objects365V2Dataset
objects365	178	Zebra	zebra	objects365_v2_mmdetection_cfd5d3a985b0	https://raw.githubusercontent.com/open-mmlab/mmdetection/cfd5d3a985b0249de009b67d04f37263e11cdf3d/mmdet/datasets/objects365.py	Objects365V2Dataset
objects365	179	Grape	grape	objects365_v2_mmdetection_cfd5d3a985b0	https://raw.githubusercontent.com/open-mmlab/mmdetection/cfd5d3a985b0249de009b67d04f37263e11cdf3d/mmdet/datasets/objects365.py	Objects365V2Dataset
objects365	180	Giraffe	giraffe	objects365_v2_mmdetection_cfd5d3a985b0	https://raw.githubusercontent.com/open-mmlab/mmdetection/cfd5d3a985b0249de009b67d04f37263e11cdf3d/mmdet/datasets/objects365.py	Objects365V2Dataset
objects365	181	Potato	potato	objects365_v2_mmdetection_cfd5d3a985b0	https://raw.githubusercontent.com/open-mmlab/mmdetection/cfd5d3a985b0249de009b67d04f37263e11cdf3d/mmdet/datasets/objects365.py	Objects365V2Dataset
objects365	182	Sausage	sausage	objects365_v2_mmdetection_cfd5d3a985b0	https://raw.githubusercontent.com/open-mmlab/mmdetection/cfd5d3a985b0249de009b67d04f37263e11cdf3d/mmdet/datasets/objects365.py	Objects365V2Dataset
objects365	183	Tricycle	tricycle	objects365_v2_mmdetection_cfd5d3a985b0	https://raw.githubusercontent.com/open-mmlab/mmdetection/cfd5d3a985b0249de009b67d04f37263e11cdf3d/mmdet/datasets/objects365.py	Objects365V2Dataset
objects365	184	Violin	violin	objects365_v2_mmdetection_cfd5d3a985b0	https://raw.githubusercontent.com/open-mmlab/mmdetection/cfd5d3a985b0249de009b67d04f37263e11cdf3d/mmdet/datasets/objects365.py	Objects365V2Dataset
objects365	185	Egg	egg	objects365_v2_mmdetection_cfd5d3a985b0	https://raw.githubusercontent.com/open-mmlab/mmdetection/cfd5d3a985b0249de009b67d04f37263e11cdf3d/mmdet/datasets/objects365.py	Objects365V2Dataset
objects365	186	Fire Extinguisher	fire extinguisher	objects365_v2_mmdetection_cfd5d3a985b0	https://raw.githubusercontent.com/open-mmlab/mmdetection/cfd5d3a985b0249de009b67d04f37263e11cdf3d/mmdet/datasets/objects365.py	Objects365V2Dataset
objects365	187	Candy	candy	objects365_v2_mmdetection_cfd5d3a985b0	https://raw.githubusercontent.com/open-mmlab/mmdetection/cfd5d3a985b0249de009b67d04f37263e11cdf3d/mmdet/datasets/objects365.py	Objects365V2Dataset
objects365	188	Fire Truck	fire truck	objects365_v2_mmdetection_cfd5d3a985b0	https://raw.githubusercontent.com/open-mmlab/mmdetection/cfd5d3a985b0249de009b67d04f37263e11cdf3d/mmdet/datasets/objects365.py	Objects365V2Dataset
objects365	189	Billards	billards	objects365_v2_mmdetection_cfd5d3a985b0	https://raw.githubusercontent.com/open-mmlab/mmdetection/cfd5d3a985b0249de009b67d04f37263e11cdf3d/mmdet/datasets/objects365.py	Objects365V2Dataset
objects365	190	Converter	converter	objects365_v2_mmdetection_cfd5d3a985b0	https://raw.githubusercontent.com/open-mmlab/mmdetection/cfd5d3a985b0249de009b67d04f37263e11cdf3d/mmdet/datasets/objects365.py	Objects365V2Dataset
objects365	191	Bathtub	bathtub	objects365_v2_mmdetection_cfd5d3a985b0	https://raw.githubusercontent.com/open-mmlab/mmdetection/cfd5d3a985b0249de009b67d04f37263e11cdf3d/mmdet/datasets/objects365.py	Objects365V2Dataset
objects365	192	Wheelchair	wheelchair	objects365_v2_mmdetection_cfd5d3a985b0	https://raw.githubusercontent.com/open-mmlab/mmdetection/cfd5d3a985b0249de009b67d04f37263e11cdf3d/mmdet/datasets/objects365.py	Objects365V2Dataset
objects365	193	Golf Club	golf club	objects365_v2_mmdetection_cfd5d3a985b0	https://raw.githubusercontent.com/open-mmlab/mmdetection/cfd5d3a985b0249de009b67d04f37263e11cdf3d/mmdet/datasets/objects365.py	Objects365V2Dataset
objects365	194	Briefcase	briefcase	objects365_v2_mmdetection_cfd5d3a985b0	https://raw.githubusercontent.com/open-mmlab/mmdetection/cfd5d3a985b0249de009b67d04f37263e11cdf3d/mmdet/datasets/objects365.py	Objects365V2Dataset
objects365	195	Cucumber	cucumber	objects365_v2_mmdetection_cfd5d3a985b0	https://raw.githubusercontent.com/open-mmlab/mmdetection/cfd5d3a985b0249de009b67d04f37263e11cdf3d/mmdet/datasets/objects365.py	Objects365V2Dataset
objects365	196	Cigar/Cigarette	cigar/cigarette	objects365_v2_mmdetection_cfd5d3a985b0	https://raw.githubusercontent.com/open-mmlab/mmdetection/cfd5d3a985b0249de009b67d04f37263e11cdf3d/mmdet/datasets/objects365.py	Objects365V2Dataset
objects365	197	Paint Brush	paint brush	objects365_v2_mmdetection_cfd5d3a985b0	https://raw.githubusercontent.com/open-mmlab/mmdetection/cfd5d3a985b0249de009b67d04f37263e11cdf3d/mmdet/datasets/objects365.py	Objects365V2Dataset
objects365	198	Pear	pear	objects365_v2_mmdetection_cfd5d3a985b0	https://raw.githubusercontent.com/open-mmlab/mmdetection/cfd5d3a985b0249de009b67d04f37263e11cdf3d/mmdet/datasets/objects365.py	Objects365V2Dataset
objects365	199	Heavy Truck	heavy truck	objects365_v2_mmdetection_cfd5d3a985b0	https://raw.githubusercontent.com/open-mmlab/mmdetection/cfd5d3a985b0249de009b67d04f37263e11cdf3d/mmdet/datasets/objects365.py	Objects365V2Dataset
objects365	200	Hamburger	hamburger	objects365_v2_mmdetection_cfd5d3a985b0	https://raw.githubusercontent.com/open-mmlab/mmdetection/cfd5d3a985b0249de009b67d04f37263e11cdf3d/mmdet/datasets/objects365.py	Objects365V2Dataset
objects365	201	Extractor	extractor	objects365_v2_mmdetection_cfd5d3a985b0	https://raw.githubusercontent.com/open-mmlab/mmdetection/cfd5d3a985b0249de009b67d04f37263e11cdf3d/mmdet/datasets/objects365.py	Objects365V2Dataset
objects365	202	Extention Cord	extention cord	objects365_v2_mmdetection_cfd5d3a985b0	https://raw.githubusercontent.com/open-mmlab/mmdetection/cfd5d3a985b0249de009b67d04f37263e11cdf3d/mmdet/datasets/objects365.py	Objects365V2Dataset
objects365	203	Tong	tong	objects365_v2_mmdetection_cfd5d3a985b0	https://raw.githubusercontent.com/open-mmlab/mmdetection/cfd5d3a985b0249de009b67d04f37263e11cdf3d/mmdet/datasets/objects365.py	Objects365V2Dataset
objects365	204	Tennis Racket	tennis racket	objects365_v2_mmdetection_cfd5d3a985b0	https://raw.githubusercontent.com/open-mmlab/mmdetection/cfd5d3a985b0249de009b67d04f37263e11cdf3d/mmdet/datasets/objects365.py	Objects365V2Dataset
objects365	205	Folder	folder	objects365_v2_mmdetection_cfd5d3a985b0	https://raw.githubusercontent.com/open-mmlab/mmdetection/cfd5d3a985b0249de009b67d04f37263e11cdf3d/mmdet/datasets/objects365.py	Objects365V2Dataset
objects365	206	American Football	american football	objects365_v2_mmdetection_cfd5d3a985b0	https://raw.githubusercontent.com/open-mmlab/mmdetection/cfd5d3a985b0249de009b67d04f37263e11cdf3d/mmdet/datasets/objects365.py	Objects365V2Dataset
objects365	207	earphone	earphone	objects365_v2_mmdetection_cfd5d3a985b0	https://raw.githubusercontent.com/open-mmlab/mmdetection/cfd5d3a985b0249de009b67d04f37263e11cdf3d/mmdet/datasets/objects365.py	Objects365V2Dataset
objects365	208	Mask	mask	objects365_v2_mmdetection_cfd5d3a985b0	https://raw.githubusercontent.com/open-mmlab/mmdetection/cfd5d3a985b0249de009b67d04f37263e11cdf3d/mmdet/datasets/objects365.py	Objects365V2Dataset
objects365	209	Kettle	kettle	objects365_v2_mmdetection_cfd5d3a985b0	https://raw.githubusercontent.com/open-mmlab/mmdetection/cfd5d3a985b0249de009b67d04f37263e11cdf3d/mmdet/datasets/objects365.py	Objects365V2Dataset
objects365	210	Tennis	tennis	objects365_v2_mmdetection_cfd5d3a985b0	https://raw.githubusercontent.com/open-mmlab/mmdetection/cfd5d3a985b0249de009b67d04f37263e11cdf3d/mmdet/datasets/objects365.py	Objects365V2Dataset
objects365	211	Ship	ship	objects365_v2_mmdetection_cfd5d3a985b0	https://raw.githubusercontent.com/open-mmlab/mmdetection/cfd5d3a985b0249de009b67d04f37263e11cdf3d/mmdet/datasets/objects365.py	Objects365V2Dataset
objects365	212	Swing	swing	objects365_v2_mmdetection_cfd5d3a985b0	https://raw.githubusercontent.com/open-mmlab/mmdetection/cfd5d3a985b0249de009b67d04f37263e11cdf3d/mmdet/datasets/objects365.py	Objects365V2Dataset
objects365	213	Coffee Machine	coffee machine	objects365_v2_mmdetection_cfd5d3a985b0	https://raw.githubusercontent.com/open-mmlab/mmdetection/cfd5d3a985b0249de009b67d04f37263e11cdf3d/mmdet/datasets/objects365.py	Objects365V2Dataset
objects365	214	Slide	slide	objects365_v2_mmdetection_cfd5d3a985b0	https://raw.githubusercontent.com/open-mmlab/mmdetection/cfd5d3a985b0249de009b67d04f37263e11cdf3d/mmdet/datasets/objects365.py	Objects365V2Dataset
objects365	215	Carriage	carriage	objects365_v2_mmdetection_cfd5d3a985b0	https://raw.githubusercontent.com/open-mmlab/mmdetection/cfd5d3a985b0249de009b67d04f37263e11cdf3d/mmdet/datasets/objects365.py	Objects365V2Dataset
objects365	216	Onion	onion	objects365_v2_mmdetection_cfd5d3a985b0	https://raw.githubusercontent.com/open-mmlab/mmdetection/cfd5d3a985b0249de009b67d04f37263e11cdf3d/mmdet/datasets/objects365.py	Objects365V2Dataset
objects365	217	Green beans	green beans	objects365_v2_mmdetection_cfd5d3a985b0	https://raw.githubusercontent.com/open-mmlab/mmdetection/cfd5d3a985b0249de009b67d04f37263e11cdf3d/mmdet/datasets/objects365.py	Objects365V2Dataset
objects365	218	Projector	projector	objects365_v2_mmdetection_cfd5d3a985b0	https://raw.githubusercontent.com/open-mmlab/mmdetection/cfd5d3a985b0249de009b67d04f37263e11cdf3d/mmdet/datasets/objects365.py	Objects365V2Dataset
objects365	219	Frisbee	frisbee	objects365_v2_mmdetection_cfd5d3a985b0	https://raw.githubusercontent.com/open-mmlab/mmdetection/cfd5d3a985b0249de009b67d04f37263e11cdf3d/mmdet/datasets/objects365.py	Objects365V2Dataset
objects365	220	Washing Machine/Drying Machine	washing machine/drying machine	objects365_v2_mmdetection_cfd5d3a985b0	https://raw.githubusercontent.com/open-mmlab/mmdetection/cfd5d3a985b0249de009b67d04f37263e11cdf3d/mmdet/datasets/objects365.py	Objects365V2Dataset
objects365	221	Chicken	chicken	objects365_v2_mmdetection_cfd5d3a985b0	https://raw.githubusercontent.com/open-mmlab/mmdetection/cfd5d3a985b0249de009b67d04f37263e11cdf3d/mmdet/datasets/objects365.py	Objects365V2Dataset
objects365	222	Printer	printer	objects365_v2_mmdetection_cfd5d3a985b0	https://raw.githubusercontent.com/open-mmlab/mmdetection/cfd5d3a985b0249de009b67d04f37263e11cdf3d/mmdet/datasets/objects365.py	Objects365V2Dataset
objects365	223	Watermelon	watermelon	objects365_v2_mmdetection_cfd5d3a985b0	https://raw.githubusercontent.com/open-mmlab/mmdetection/cfd5d3a985b0249de009b67d04f37263e11cdf3d/mmdet/datasets/objects365.py	Objects365V2Dataset
objects365	224	Saxophone	saxophone	objects365_v2_mmdetection_cfd5d3a985b0	https://raw.githubusercontent.com/open-mmlab/mmdetection/cfd5d3a985b0249de009b67d04f37263e11cdf3d/mmdet/datasets/objects365.py	Objects365V2Dataset
objects365	225	Tissue	tissue	objects365_v2_mmdetection_cfd5d3a985b0	https://raw.githubusercontent.com/open-mmlab/mmdetection/cfd5d3a985b0249de009b67d04f37263e11cdf3d/mmdet/datasets/objects365.py	Objects365V2Dataset
objects365	226	Toothbrush	toothbrush	objects365_v2_mmdetection_cfd5d3a985b0	https://raw.githubusercontent.com/open-mmlab/mmdetection/cfd5d3a985b0249de009b67d04f37263e11cdf3d/mmdet/datasets/objects365.py	Objects365V2Dataset
objects365	227	Ice cream	ice cream	objects365_v2_mmdetection_cfd5d3a985b0	https://raw.githubusercontent.com/open-mmlab/mmdetection/cfd5d3a985b0249de009b67d04f37263e11cdf3d/mmdet/datasets/objects365.py	Objects365V2Dataset
objects365	228	Hotair ballon	hotair ballon	objects365_v2_mmdetection_cfd5d3a985b0	https://raw.githubusercontent.com/open-mmlab/mmdetection/cfd5d3a985b0249de009b67d04f37263e11cdf3d/mmdet/datasets/objects365.py	Objects365V2Dataset
objects365	229	Cello	cello	objects365_v2_mmdetection_cfd5d3a985b0	https://raw.githubusercontent.com/open-mmlab/mmdetection/cfd5d3a985b0249de009b67d04f37263e11cdf3d/mmdet/datasets/objects365.py	Objects365V2Dataset
objects365	230	French Fries	french fries	objects365_v2_mmdetection_cfd5d3a985b0	https://raw.githubusercontent.com/open-mmlab/mmdetection/cfd5d3a985b0249de009b67d04f37263e11cdf3d/mmdet/datasets/objects365.py	Objects365V2Dataset
objects365	231	Scale	scale	objects365_v2_mmdetection_cfd5d3a985b0	https://raw.githubusercontent.com/open-mmlab/mmdetection/cfd5d3a985b0249de009b67d04f37263e11cdf3d/mmdet/datasets/objects365.py	Objects365V2Dataset
objects365	232	Trophy	trophy	objects365_v2_mmdetection_cfd5d3a985b0	https://raw.githubusercontent.com/open-mmlab/mmdetection/cfd5d3a985b0249de009b67d04f37263e11cdf3d/mmdet/datasets/objects365.py	Objects365V2Dataset
objects365	233	Cabbage	cabbage	objects365_v2_mmdetection_cfd5d3a985b0	https://raw.githubusercontent.com/open-mmlab/mmdetection/cfd5d3a985b0249de009b67d04f37263e11cdf3d/mmdet/datasets/objects365.py	Objects365V2Dataset
objects365	234	Hot dog	hot dog	objects365_v2_mmdetection_cfd5d3a985b0	https://raw.githubusercontent.com/open-mmlab/mmdetection/cfd5d3a985b0249de009b67d04f37263e11cdf3d/mmdet/datasets/objects365.py	Objects365V2Dataset
objects365	235	Blender	blender	objects365_v2_mmdetection_cfd5d3a985b0	https://raw.githubusercontent.com/open-mmlab/mmdetection/cfd5d3a985b0249de009b67d04f37263e11cdf3d/mmdet/datasets/objects365.py	Objects365V2Dataset
objects365	236	Peach	peach	objects365_v2_mmdetection_cfd5d3a985b0	https://raw.githubusercontent.com/open-mmlab/mmdetection/cfd5d3a985b0249de009b67d04f37263e11cdf3d/mmdet/datasets/objects365.py	Objects365V2Dataset
objects365	237	Rice	rice	objects365_v2_mmdetection_cfd5d3a985b0	https://raw.githubusercontent.com/open-mmlab/mmdetection/cfd5d3a985b0249de009b67d04f37263e11cdf3d/mmdet/datasets/objects365.py	Objects365V2Dataset
objects365	238	Wallet/Purse	wallet/purse	objects365_v2_mmdetection_cfd5d3a985b0	https://raw.githubusercontent.com/open-mmlab/mmdetection/cfd5d3a985b0249de009b67d04f37263e11cdf3d/mmdet/datasets/objects365.py	Objects365V2Dataset
objects365	239	Volleyball	volleyball	objects365_v2_mmdetection_cfd5d3a985b0	https://raw.githubusercontent.com/open-mmlab/mmdetection/cfd5d3a985b0249de009b67d04f37263e11cdf3d/mmdet/datasets/objects365.py	Objects365V2Dataset
objects365	240	Deer	deer	objects365_v2_mmdetection_cfd5d3a985b0	https://raw.githubusercontent.com/open-mmlab/mmdetection/cfd5d3a985b0249de009b67d04f37263e11cdf3d/mmdet/datasets/objects365.py	Objects365V2Dataset
objects365	241	Goose	goose	objects365_v2_mmdetection_cfd5d3a985b0	https://raw.githubusercontent.com/open-mmlab/mmdetection/cfd5d3a985b0249de009b67d04f37263e11cdf3d/mmdet/datasets/objects365.py	Objects365V2Dataset
objects365	242	Tape	tape	objects365_v2_mmdetection_cfd5d3a985b0	https://raw.githubusercontent.com/open-mmlab/mmdetection/cfd5d3a985b0249de009b67d04f37263e11cdf3d/mmdet/datasets/objects365.py	Objects365V2Dataset
objects365	243	Tablet	tablet	objects365_v2_mmdetection_cfd5d3a985b0	https://raw.githubusercontent.com/open-mmlab/mmdetection/cfd5d3a985b0249de009b67d04f37263e11cdf3d/mmdet/datasets/objects365.py	Objects365V2Dataset
objects365	244	Cosmetics	cosmetics	objects365_v2_mmdetection_cfd5d3a985b0	https://raw.githubusercontent.com/open-mmlab/mmdetection/cfd5d3a985b0249de009b67d04f37263e11cdf3d/mmdet/datasets/objects365.py	Objects365V2Dataset
objects365	245	Trumpet	trumpet	objects365_v2_mmdetection_cfd5d3a985b0	https://raw.githubusercontent.com/open-mmlab/mmdetection/cfd5d3a985b0249de009b67d04f37263e11cdf3d/mmdet/datasets/objects365.py	Objects365V2Dataset
objects365	246	Pineapple	pineapple	objects365_v2_mmdetection_cfd5d3a985b0	https://raw.githubusercontent.com/open-mmlab/mmdetection/cfd5d3a985b0249de009b67d04f37263e11cdf3d/mmdet/datasets/objects365.py	Objects365V2Dataset
objects365	247	Golf Ball	golf ball	objects365_v2_mmdetection_cfd5d3a985b0	https://raw.githubusercontent.com/open-mmlab/mmdetection/cfd5d3a985b0249de009b67d04f37263e11cdf3d/mmdet/datasets/objects365.py	Objects365V2Dataset
objects365	248	Ambulance	ambulance	objects365_v2_mmdetection_cfd5d3a985b0	https://raw.githubusercontent.com/open-mmlab/mmdetection/cfd5d3a985b0249de009b67d04f37263e11cdf3d/mmdet/datasets/objects365.py	Objects365V2Dataset
objects365	249	Parking meter	parking meter	objects365_v2_mmdetection_cfd5d3a985b0	https://raw.githubusercontent.com/open-mmlab/mmdetection/cfd5d3a985b0249de009b67d04f37263e11cdf3d/mmdet/datasets/objects365.py	Objects365V2Dataset
objects365	250	Mango	mango	objects365_v2_mmdetection_cfd5d3a985b0	https://raw.githubusercontent.com/open-mmlab/mmdetection/cfd5d3a985b0249de009b67d04f37263e11cdf3d/mmdet/datasets/objects365.py	Objects365V2Dataset
objects365	251	Key	key	objects365_v2_mmdetection_cfd5d3a985b0	https://raw.githubusercontent.com/open-mmlab/mmdetection/cfd5d3a985b0249de009b67d04f37263e11cdf3d/mmdet/datasets/objects365.py	Objects365V2Dataset
objects365	252	Hurdle	hurdle	objects365_v2_mmdetection_cfd5d3a985b0	https://raw.githubusercontent.com/open-mmlab/mmdetection/cfd5d3a985b0249de009b67d04f37263e11cdf3d/mmdet/datasets/objects365.py	Objects365V2Dataset
objects365	253	Fishing Rod	fishing rod	objects365_v2_mmdetection_cfd5d3a985b0	https://raw.githubusercontent.com/open-mmlab/mmdetection/cfd5d3a985b0249de009b67d04f37263e11cdf3d/mmdet/datasets/objects365.py	Objects365V2Dataset
objects365	254	Medal	medal	objects365_v2_mmdetection_cfd5d3a985b0	https://raw.githubusercontent.com/open-mmlab/mmdetection/cfd5d3a985b0249de009b67d04f37263e11cdf3d/mmdet/datasets/objects365.py	Objects365V2Dataset
objects365	255	Flute	flute	objects365_v2_mmdetection_cfd5d3a985b0	https://raw.githubusercontent.com/open-mmlab/mmdetection/cfd5d3a985b0249de009b67d04f37263e11cdf3d/mmdet/datasets/objects365.py	Objects365V2Dataset
objects365	256	Brush	brush	objects365_v2_mmdetection_cfd5d3a985b0	https://raw.githubusercontent.com/open-mmlab/mmdetection/cfd5d3a985b0249de009b67d04f37263e11cdf3d/mmdet/datasets/objects365.py	Objects365V2Dataset
objects365	257	Penguin	penguin	objects365_v2_mmdetection_cfd5d3a985b0	https://raw.githubusercontent.com/open-mmlab/mmdetection/cfd5d3a985b0249de009b67d04f37263e11cdf3d/mmdet/datasets/objects365.py	Objects365V2Dataset
objects365	258	Megaphone	megaphone	objects365_v2_mmdetection_cfd5d3a985b0	https://raw.githubusercontent.com/open-mmlab/mmdetection/cfd5d3a985b0249de009b67d04f37263e11cdf3d/mmdet/datasets/objects365.py	Objects365V2Dataset
objects365	259	Corn	corn	objects365_v2_mmdetection_cfd5d3a985b0	https://raw.githubusercontent.com/open-mmlab/mmdetection/cfd5d3a985b0249de009b67d04f37263e11cdf3d/mmdet/datasets/objects365.py	Objects365V2Dataset
objects365	260	Lettuce	lettuce	objects365_v2_mmdetection_cfd5d3a985b0	https://raw.githubusercontent.com/open-mmlab/mmdetection/cfd5d3a985b0249de009b67d04f37263e11cdf3d/mmdet/datasets/objects365.py	Objects365V2Dataset
objects365	261	Garlic	garlic	objects365_v2_mmdetection_cfd5d3a985b0	https://raw.githubusercontent.com/open-mmlab/mmdetection/cfd5d3a985b0249de009b67d04f37263e11cdf3d/mmdet/datasets/objects365.py	Objects365V2Dataset
objects365	262	Swan	swan	objects365_v2_mmdetection_cfd5d3a985b0	https://raw.githubusercontent.com/open-mmlab/mmdetection/cfd5d3a985b0249de009b67d04f37263e11cdf3d/mmdet/datasets/objects365.py	Objects365V2Dataset
objects365	263	Helicopter	helicopter	objects365_v2_mmdetection_cfd5d3a985b0	https://raw.githubusercontent.com/open-mmlab/mmdetection/cfd5d3a985b0249de009b67d04f37263e11cdf3d/mmdet/datasets/objects365.py	Objects365V2Dataset
objects365	264	Green Onion	green onion	objects365_v2_mmdetection_cfd5d3a985b0	https://raw.githubusercontent.com/open-mmlab/mmdetection/cfd5d3a985b0249de009b67d04f37263e11cdf3d/mmdet/datasets/objects365.py	Objects365V2Dataset
objects365	265	Sandwich	sandwich	objects365_v2_mmdetection_cfd5d3a985b0	https://raw.githubusercontent.com/open-mmlab/mmdetection/cfd5d3a985b0249de009b67d04f37263e11cdf3d/mmdet/datasets/objects365.py	Objects365V2Dataset
objects365	266	Nuts	nuts	objects365_v2_mmdetection_cfd5d3a985b0	https://raw.githubusercontent.com/open-mmlab/mmdetection/cfd5d3a985b0249de009b67d04f37263e11cdf3d/mmdet/datasets/objects365.py	Objects365V2Dataset
objects365	267	Speed Limit Sign	speed limit sign	objects365_v2_mmdetection_cfd5d3a985b0	https://raw.githubusercontent.com/open-mmlab/mmdetection/cfd5d3a985b0249de009b67d04f37263e11cdf3d/mmdet/datasets/objects365.py	Objects365V2Dataset
objects365	268	Induction Cooker	induction cooker	objects365_v2_mmdetection_cfd5d3a985b0	https://raw.githubusercontent.com/open-mmlab/mmdetection/cfd5d3a985b0249de009b67d04f37263e11cdf3d/mmdet/datasets/objects365.py	Objects365V2Dataset
objects365	269	Broom	broom	objects365_v2_mmdetection_cfd5d3a985b0	https://raw.githubusercontent.com/open-mmlab/mmdetection/cfd5d3a985b0249de009b67d04f37263e11cdf3d/mmdet/datasets/objects365.py	Objects365V2Dataset
objects365	270	Trombone	trombone	objects365_v2_mmdetection_cfd5d3a985b0	https://raw.githubusercontent.com/open-mmlab/mmdetection/cfd5d3a985b0249de009b67d04f37263e11cdf3d/mmdet/datasets/objects365.py	Objects365V2Dataset
objects365	271	Plum	plum	objects365_v2_mmdetection_cfd5d3a985b0	https://raw.githubusercontent.com/open-mmlab/mmdetection/cfd5d3a985b0249de009b67d04f37263e11cdf3d/mmdet/datasets/objects365.py	Objects365V2Dataset
objects365	272	Rickshaw	rickshaw	objects365_v2_mmdetection_cfd5d3a985b0	https://raw.githubusercontent.com/open-mmlab/mmdetection/cfd5d3a985b0249de009b67d04f37263e11cdf3d/mmdet/datasets/objects365.py	Objects365V2Dataset
objects365	273	Goldfish	goldfish	objects365_v2_mmdetection_cfd5d3a985b0	https://raw.githubusercontent.com/open-mmlab/mmdetection/cfd5d3a985b0249de009b67d04f37263e11cdf3d/mmdet/datasets/objects365.py	Objects365V2Dataset
objects365	274	Kiwi fruit	kiwi fruit	objects365_v2_mmdetection_cfd5d3a985b0	https://raw.githubusercontent.com/open-mmlab/mmdetection/cfd5d3a985b0249de009b67d04f37263e11cdf3d/mmdet/datasets/objects365.py	Objects365V2Dataset
objects365	275	Router/modem	router/modem	objects365_v2_mmdetection_cfd5d3a985b0	https://raw.githubusercontent.com/open-mmlab/mmdetection/cfd5d3a985b0249de009b67d04f37263e11cdf3d/mmdet/datasets/objects365.py	Objects365V2Dataset
objects365	276	Poker Card	poker card	objects365_v2_mmdetection_cfd5d3a985b0	https://raw.githubusercontent.com/open-mmlab/mmdetection/cfd5d3a985b0249de009b67d04f37263e11cdf3d/mmdet/datasets/objects365.py	Objects365V2Dataset
objects365	277	Toaster	toaster	objects365_v2_mmdetection_cfd5d3a985b0	https://raw.githubusercontent.com/open-mmlab/mmdetection/cfd5d3a985b0249de009b67d04f37263e11cdf3d/mmdet/datasets/objects365.py	Objects365V2Dataset
objects365	278	Shrimp	shrimp	objects365_v2_mmdetection_cfd5d3a985b0	https://raw.githubusercontent.com/open-mmlab/mmdetection/cfd5d3a985b0249de009b67d04f37263e11cdf3d/mmdet/datasets/objects365.py	Objects365V2Dataset
objects365	279	Sushi	sushi	objects365_v2_mmdetection_cfd5d3a985b0	https://raw.githubusercontent.com/open-mmlab/mmdetection/cfd5d3a985b0249de009b67d04f37263e11cdf3d/mmdet/datasets/objects365.py	Objects365V2Dataset
objects365	280	Cheese	cheese	objects365_v2_mmdetection_cfd5d3a985b0	https://raw.githubusercontent.com/open-mmlab/mmdetection/cfd5d3a985b0249de009b67d04f37263e11cdf3d/mmdet/datasets/objects365.py	Objects365V2Dataset
objects365	281	Notepaper	notepaper	objects365_v2_mmdetection_cfd5d3a985b0	https://raw.githubusercontent.com/open-mmlab/mmdetection/cfd5d3a985b0249de009b67d04f37263e11cdf3d/mmdet/datasets/objects365.py	Objects365V2Dataset
objects365	282	Cherry	cherry	objects365_v2_mmdetection_cfd5d3a985b0	https://raw.githubusercontent.com/open-mmlab/mmdetection/cfd5d3a985b0249de009b67d04f37263e11cdf3d/mmdet/datasets/objects365.py	Objects365V2Dataset
objects365	283	Pliers	pliers	objects365_v2_mmdetection_cfd5d3a985b0	https://raw.githubusercontent.com/open-mmlab/mmdetection/cfd5d3a985b0249de009b67d04f37263e11cdf3d/mmdet/datasets/objects365.py	Objects365V2Dataset
objects365	284	CD	cd	objects365_v2_mmdetection_cfd5d3a985b0	https://raw.githubusercontent.com/open-mmlab/mmdetection/cfd5d3a985b0249de009b67d04f37263e11cdf3d/mmdet/datasets/objects365.py	Objects365V2Dataset
objects365	285	Pasta	pasta	objects365_v2_mmdetection_cfd5d3a985b0	https://raw.githubusercontent.com/open-mmlab/mmdetection/cfd5d3a985b0249de009b67d04f37263e11cdf3d/mmdet/datasets/objects365.py	Objects365V2Dataset
objects365	286	Hammer	hammer	objects365_v2_mmdetection_cfd5d3a985b0	https://raw.githubusercontent.com/open-mmlab/mmdetection/cfd5d3a985b0249de009b67d04f37263e11cdf3d/mmdet/datasets/objects365.py	Objects365V2Dataset
objects365	287	Cue	cue	objects365_v2_mmdetection_cfd5d3a985b0	https://raw.githubusercontent.com/open-mmlab/mmdetection/cfd5d3a985b0249de009b67d04f37263e11cdf3d/mmdet/datasets/objects365.py	Objects365V2Dataset
objects365	288	Avocado	avocado	objects365_v2_mmdetection_cfd5d3a985b0	https://raw.githubusercontent.com/open-mmlab/mmdetection/cfd5d3a985b0249de009b67d04f37263e11cdf3d/mmdet/datasets/objects365.py	Objects365V2Dataset
objects365	289	Hamimelon	hamimelon	objects365_v2_mmdetection_cfd5d3a985b0	https://raw.githubusercontent.com/open-mmlab/mmdetection/cfd5d3a985b0249de009b67d04f37263e11cdf3d/mmdet/datasets/objects365.py	Objects365V2Dataset
objects365	290	Flask	flask	objects365_v2_mmdetection_cfd5d3a985b0	https://raw.githubusercontent.com/open-mmlab/mmdetection/cfd5d3a985b0249de009b67d04f37263e11cdf3d/mmdet/datasets/objects365.py	Objects365V2Dataset
objects365	291	Mushroon	mushroon	objects365_v2_mmdetection_cfd5d3a985b0	https://raw.githubusercontent.com/open-mmlab/mmdetection/cfd5d3a985b0249de009b67d04f37263e11cdf3d/mmdet/datasets/objects365.py	Objects365V2Dataset
objects365	292	Screwdriver	screwdriver	objects365_v2_mmdetection_cfd5d3a985b0	https://raw.githubusercontent.com/open-mmlab/mmdetection/cfd5d3a985b0249de009b67d04f37263e11cdf3d/mmdet/datasets/objects365.py	Objects365V2Dataset
objects365	293	Soap	soap	objects365_v2_mmdetection_cfd5d3a985b0	https://raw.githubusercontent.com/open-mmlab/mmdetection/cfd5d3a985b0249de009b67d04f37263e11cdf3d/mmdet/datasets/objects365.py	Objects365V2Dataset
objects365	294	Recorder	recorder	objects365_v2_mmdetection_cfd5d3a985b0	https://raw.githubusercontent.com/open-mmlab/mmdetection/cfd5d3a985b0249de009b67d04f37263e11cdf3d/mmdet/datasets/objects365.py	Objects365V2Dataset
objects365	295	Bear	bear	objects365_v2_mmdetection_cfd5d3a985b0	https://raw.githubusercontent.com/open-mmlab/mmdetection/cfd5d3a985b0249de009b67d04f37263e11cdf3d/mmdet/datasets/objects365.py	Objects365V2Dataset
objects365	296	Eggplant	eggplant	objects365_v2_mmdetection_cfd5d3a985b0	https://raw.githubusercontent.com/open-mmlab/mmdetection/cfd5d3a985b0249de009b67d04f37263e11cdf3d/mmdet/datasets/objects365.py	Objects365V2Dataset
objects365	297	Board Eraser	board eraser	objects365_v2_mmdetection_cfd5d3a985b0	https://raw.githubusercontent.com/open-mmlab/mmdetection/cfd5d3a985b0249de009b67d04f37263e11cdf3d/mmdet/datasets/objects365.py	Objects365V2Dataset
objects365	298	Coconut	coconut	objects365_v2_mmdetection_cfd5d3a985b0	https://raw.githubusercontent.com/open-mmlab/mmdetection/cfd5d3a985b0249de009b67d04f37263e11cdf3d/mmdet/datasets/objects365.py	Objects365V2Dataset
objects365	299	Tape Measur/ Ruler	tape measur/ ruler	objects365_v2_mmdetection_cfd5d3a985b0	https://raw.githubusercontent.com/open-mmlab/mmdetection/cfd5d3a985b0249de009b67d04f37263e11cdf3d/mmdet/datasets/objects365.py	Objects365V2Dataset
objects365	300	Pig	pig	objects365_v2_mmdetection_cfd5d3a985b0	https://raw.githubusercontent.com/open-mmlab/mmdetection/cfd5d3a985b0249de009b67d04f37263e11cdf3d/mmdet/datasets/objects365.py	Objects365V2Dataset
objects365	301	Showerhead	showerhead	objects365_v2_mmdetection_cfd5d3a985b0	https://raw.githubusercontent.com/open-mmlab/mmdetection/cfd5d3a985b0249de009b67d04f37263e11cdf3d/mmdet/datasets/objects365.py	Objects365V2Dataset
objects365	302	Globe	globe	objects365_v2_mmdetection_cfd5d3a985b0	https://raw.githubusercontent.com/open-mmlab/mmdetection/cfd5d3a985b0249de009b67d04f37263e11cdf3d/mmdet/datasets/objects365.py	Objects365V2Dataset
objects365	303	Chips	chips	objects365_v2_mmdetection_cfd5d3a985b0	https://raw.githubusercontent.com/open-mmlab/mmdetection/cfd5d3a985b0249de009b67d04f37263e11cdf3d/mmdet/datasets/objects365.py	Objects365V2Dataset
objects365	304	Steak	steak	objects365_v2_mmdetection_cfd5d3a985b0	https://raw.githubusercontent.com/open-mmlab/mmdetection/cfd5d3a985b0249de009b67d04f37263e11cdf3d/mmdet/datasets/objects365.py	Objects365V2Dataset
objects365	305	Crosswalk Sign	crosswalk sign	objects365_v2_mmdetection_cfd5d3a985b0	https://raw.githubusercontent.com/open-mmlab/mmdetection/cfd5d3a985b0249de009b67d04f37263e11cdf3d/mmdet/datasets/objects365.py	Objects365V2Dataset
objects365	306	Stapler	stapler	objects365_v2_mmdetection_cfd5d3a985b0	https://raw.githubusercontent.com/open-mmlab/mmdetection/cfd5d3a985b0249de009b67d04f37263e11cdf3d/mmdet/datasets/objects365.py	Objects365V2Dataset
objects365	307	Campel	campel	objects365_v2_mmdetection_cfd5d3a985b0	https://raw.githubusercontent.com/open-mmlab/mmdetection/cfd5d3a985b0249de009b67d04f37263e11cdf3d/mmdet/datasets/objects365.py	Objects365V2Dataset
objects365	308	Formula 1	formula 1	objects365_v2_mmdetection_cfd5d3a985b0	https://raw.githubusercontent.com/open-mmlab/mmdetection/cfd5d3a985b0249de009b67d04f37263e11cdf3d/mmdet/datasets/objects365.py	Objects365V2Dataset
objects365	309	Pomegranate	pomegranate	objects365_v2_mmdetection_cfd5d3a985b0	https://raw.githubusercontent.com/open-mmlab/mmdetection/cfd5d3a985b0249de009b67d04f37263e11cdf3d/mmdet/datasets/objects365.py	Objects365V2Dataset
objects365	310	Dishwasher	dishwasher	objects365_v2_mmdetection_cfd5d3a985b0	https://raw.githubusercontent.com/open-mmlab/mmdetection/cfd5d3a985b0249de009b67d04f37263e11cdf3d/mmdet/datasets/objects365.py	Objects365V2Dataset
objects365	311	Crab	crab	objects365_v2_mmdetection_cfd5d3a985b0	https://raw.githubusercontent.com/open-mmlab/mmdetection/cfd5d3a985b0249de009b67d04f37263e11cdf3d/mmdet/datasets/objects365.py	Objects365V2Dataset
objects365	312	Hoverboard	hoverboard	objects365_v2_mmdetection_cfd5d3a985b0	https://raw.githubusercontent.com/open-mmlab/mmdetection/cfd5d3a985b0249de009b67d04f37263e11cdf3d/mmdet/datasets/objects365.py	Objects365V2Dataset
objects365	313	Meat ball	meat ball	objects365_v2_mmdetection_cfd5d3a985b0	https://raw.githubusercontent.com/open-mmlab/mmdetection/cfd5d3a985b0249de009b67d04f37263e11cdf3d/mmdet/datasets/objects365.py	Objects365V2Dataset
objects365	314	Rice Cooker	rice cooker	objects365_v2_mmdetection_cfd5d3a985b0	https://raw.githubusercontent.com/open-mmlab/mmdetection/cfd5d3a985b0249de009b67d04f37263e11cdf3d/mmdet/datasets/objects365.py	Objects365V2Dataset
objects365	315	Tuba	tuba	objects365_v2_mmdetection_cfd5d3a985b0	https://raw.githubusercontent.com/open-mmlab/mmdetection/cfd5d3a985b0249de009b67d04f37263e11cdf3d/mmdet/datasets/objects365.py	Objects365V2Dataset
objects365	316	Calculator	calculator	objects365_v2_mmdetection_cfd5d3a985b0	https://raw.githubusercontent.com/open-mmlab/mmdetection/cfd5d3a985b0249de009b67d04f37263e11cdf3d/mmdet/datasets/objects365.py	Objects365V2Dataset
objects365	317	Papaya	papaya	objects365_v2_mmdetection_cfd5d3a985b0	https://raw.githubusercontent.com/open-mmlab/mmdetection/cfd5d3a985b0249de009b67d04f37263e11cdf3d/mmdet/datasets/objects365.py	Objects365V2Dataset
objects365	318	Antelope	antelope	objects365_v2_mmdetection_cfd5d3a985b0	https://raw.githubusercontent.com/open-mmlab/mmdetection/cfd5d3a985b0249de009b67d04f37263e11cdf3d/mmdet/datasets/objects365.py	Objects365V2Dataset
objects365	319	Parrot	parrot	objects365_v2_mmdetection_cfd5d3a985b0	https://raw.githubusercontent.com/open-mmlab/mmdetection/cfd5d3a985b0249de009b67d04f37263e11cdf3d/mmdet/datasets/objects365.py	Objects365V2Dataset
objects365	320	Seal	seal	objects365_v2_mmdetection_cfd5d3a985b0	https://raw.githubusercontent.com/open-mmlab/mmdetection/cfd5d3a985b0249de009b67d04f37263e11cdf3d/mmdet/datasets/objects365.py	Objects365V2Dataset
objects365	321	Buttefly	buttefly	objects365_v2_mmdetection_cfd5d3a985b0	https://raw.githubusercontent.com/open-mmlab/mmdetection/cfd5d3a985b0249de009b67d04f37263e11cdf3d/mmdet/datasets/objects365.py	Objects365V2Dataset
objects365	322	Dumbbell	dumbbell	objects365_v2_mmdetection_cfd5d3a985b0	https://raw.githubusercontent.com/open-mmlab/mmdetection/cfd5d3a985b0249de009b67d04f37263e11cdf3d/mmdet/datasets/objects365.py	Objects365V2Dataset
objects365	323	Donkey	donkey	objects365_v2_mmdetection_cfd5d3a985b0	https://raw.githubusercontent.com/open-mmlab/mmdetection/cfd5d3a985b0249de009b67d04f37263e11cdf3d/mmdet/datasets/objects365.py	Objects365V2Dataset
objects365	324	Lion	lion	objects365_v2_mmdetection_cfd5d3a985b0	https://raw.githubusercontent.com/open-mmlab/mmdetection/cfd5d3a985b0249de009b67d04f37263e11cdf3d/mmdet/datasets/objects365.py	Objects365V2Dataset
objects365	325	Urinal	urinal	objects365_v2_mmdetection_cfd5d3a985b0	https://raw.githubusercontent.com/open-mmlab/mmdetection/cfd5d3a985b0249de009b67d04f37263e11cdf3d/mmdet/datasets/objects365.py	Objects365V2Dataset
objects365	326	Dolphin	dolphin	objects365_v2_mmdetection_cfd5d3a985b0	https://raw.githubusercontent.com/open-mmlab/mmdetection/cfd5d3a985b0249de009b67d04f37263e11cdf3d/mmdet/datasets/objects365.py	Objects365V2Dataset
objects365	327	Electric Drill	electric drill	objects365_v2_mmdetection_cfd5d3a985b0	https://raw.githubusercontent.com/open-mmlab/mmdetection/cfd5d3a985b0249de009b67d04f37263e11cdf3d/mmdet/datasets/objects365.py	Objects365V2Dataset
objects365	328	Hair Dryer	hair dryer	objects365_v2_mmdetection_cfd5d3a985b0	https://raw.githubusercontent.com/open-mmlab/mmdetection/cfd5d3a985b0249de009b67d04f37263e11cdf3d/mmdet/datasets/objects365.py	Objects365V2Dataset
objects365	329	Egg tart	egg tart	objects365_v2_mmdetection_cfd5d3a985b0	https://raw.githubusercontent.com/open-mmlab/mmdetection/cfd5d3a985b0249de009b67d04f37263e11cdf3d/mmdet/datasets/objects365.py	Objects365V2Dataset
objects365	330	Jellyfish	jellyfish	objects365_v2_mmdetection_cfd5d3a985b0	https://raw.githubusercontent.com/open-mmlab/mmdetection/cfd5d3a985b0249de009b67d04f37263e11cdf3d/mmdet/datasets/objects365.py	Objects365V2Dataset
objects365	331	Treadmill	treadmill	objects365_v2_mmdetection_cfd5d3a985b0	https://raw.githubusercontent.com/open-mmlab/mmdetection/cfd5d3a985b0249de009b67d04f37263e11cdf3d/mmdet/datasets/objects365.py	Objects365V2Dataset
objects365	332	Lighter	lighter	objects365_v2_mmdetection_cfd5d3a985b0	https://raw.githubusercontent.com/open-mmlab/mmdetection/cfd5d3a985b0249de009b67d04f37263e11cdf3d/mmdet/datasets/objects365.py	Objects365V2Dataset
objects365	333	Grapefruit	grapefruit	objects365_v2_mmdetection_cfd5d3a985b0	https://raw.githubusercontent.com/open-mmlab/mmdetection/cfd5d3a985b0249de009b67d04f37263e11cdf3d/mmdet/datasets/objects365.py	Objects365V2Dataset
objects365	334	Game board	game board	objects365_v2_mmdetection_cfd5d3a985b0	https://raw.githubusercontent.com/open-mmlab/mmdetection/cfd5d3a985b0249de009b67d04f37263e11cdf3d/mmdet/datasets/objects365.py	Objects365V2Dataset
objects365	335	Mop	mop	objects365_v2_mmdetection_cfd5d3a985b0	https://raw.githubusercontent.com/open-mmlab/mmdetection/cfd5d3a985b0249de009b67d04f37263e11cdf3d/mmdet/datasets/objects365.py	Objects365V2Dataset
objects365	336	Radish	radish	objects365_v2_mmdetection_cfd5d3a985b0	https://raw.githubusercontent.com/open-mmlab/mmdetection/cfd5d3a985b0249de009b67d04f37263e11cdf3d/mmdet/datasets/objects365.py	Objects365V2Dataset
objects365	337	Baozi	baozi	objects365_v2_mmdetection_cfd5d3a985b0	https://raw.githubusercontent.com/open-mmlab/mmdetection/cfd5d3a985b0249de009b67d04f37263e11cdf3d/mmdet/datasets/objects365.py	Objects365V2Dataset
objects365	338	Target	target	objects365_v2_mmdetection_cfd5d3a985b0	https://raw.githubusercontent.com/open-mmlab/mmdetection/cfd5d3a985b0249de009b67d04f37263e11cdf3d/mmdet/datasets/objects365.py	Objects365V2Dataset
objects365	339	French	french	objects365_v2_mmdetection_cfd5d3a985b0	https://raw.githubusercontent.com/open-mmlab/mmdetection/cfd5d3a985b0249de009b67d04f37263e11cdf3d/mmdet/datasets/objects365.py	Objects365V2Dataset
objects365	340	Spring Rolls	spring rolls	objects365_v2_mmdetection_cfd5d3a985b0	https://raw.githubusercontent.com/open-mmlab/mmdetection/cfd5d3a985b0249de009b67d04f37263e11cdf3d/mmdet/datasets/objects365.py	Objects365V2Dataset
objects365	341	Monkey	monkey	objects365_v2_mmdetection_cfd5d3a985b0	https://raw.githubusercontent.com/open-mmlab/mmdetection/cfd5d3a985b0249de009b67d04f37263e11cdf3d/mmdet/datasets/objects365.py	Objects365V2Dataset
objects365	342	Rabbit	rabbit	objects365_v2_mmdetection_cfd5d3a985b0	https://raw.githubusercontent.com/open-mmlab/mmdetection/cfd5d3a985b0249de009b67d04f37263e11cdf3d/mmdet/datasets/objects365.py	Objects365V2Dataset
objects365	343	Pencil Case	pencil case	objects365_v2_mmdetection_cfd5d3a985b0	https://raw.githubusercontent.com/open-mmlab/mmdetection/cfd5d3a985b0249de009b67d04f37263e11cdf3d/mmdet/datasets/objects365.py	Objects365V2Dataset
objects365	344	Yak	yak	objects365_v2_mmdetection_cfd5d3a985b0	https://raw.githubusercontent.com/open-mmlab/mmdetection/cfd5d3a985b0249de009b67d04f37263e11cdf3d/mmdet/datasets/objects365.py	Objects365V2Dataset
objects365	345	Red Cabbage	red cabbage	objects365_v2_mmdetection_cfd5d3a985b0	https://raw.githubusercontent.com/open-mmlab/mmdetection/cfd5d3a985b0249de009b67d04f37263e11cdf3d/mmdet/datasets/objects365.py	Objects365V2Dataset
objects365	346	Binoculars	binoculars	objects365_v2_mmdetection_cfd5d3a985b0	https://raw.githubusercontent.com/open-mmlab/mmdetection/cfd5d3a985b0249de009b67d04f37263e11cdf3d/mmdet/datasets/objects365.py	Objects365V2Dataset
objects365	347	Asparagus	asparagus	objects365_v2_mmdetection_cfd5d3a985b0	https://raw.githubusercontent.com/open-mmlab/mmdetection/cfd5d3a985b0249de009b67d04f37263e11cdf3d/mmdet/datasets/objects365.py	Objects365V2Dataset
objects365	348	Barbell	barbell	objects365_v2_mmdetection_cfd5d3a985b0	https://raw.githubusercontent.com/open-mmlab/mmdetection/cfd5d3a985b0249de009b67d04f37263e11cdf3d/mmdet/datasets/objects365.py	Objects365V2Dataset
objects365	349	Scallop	scallop	objects365_v2_mmdetection_cfd5d3a985b0	https://raw.githubusercontent.com/open-mmlab/mmdetection/cfd5d3a985b0249de009b67d04f37263e11cdf3d/mmdet/datasets/objects365.py	Objects365V2Dataset
objects365	350	Noddles	noddles	objects365_v2_mmdetection_cfd5d3a985b0	https://raw.githubusercontent.com/open-mmlab/mmdetection/cfd5d3a985b0249de009b67d04f37263e11cdf3d/mmdet/datasets/objects365.py	Objects365V2Dataset
objects365	351	Comb	comb	objects365_v2_mmdetection_cfd5d3a985b0	https://raw.githubusercontent.com/open-mmlab/mmdetection/cfd5d3a985b0249de009b67d04f37263e11cdf3d/mmdet/datasets/objects365.py	Objects365V2Dataset
objects365	352	Dumpling	dumpling	objects365_v2_mmdetection_cfd5d3a985b0	https://raw.githubusercontent.com/open-mmlab/mmdetection/cfd5d3a985b0249de009b67d04f37263e11cdf3d/mmdet/datasets/objects365.py	Objects365V2Dataset
objects365	353	Oyster	oyster	objects365_v2_mmdetection_cfd5d3a985b0	https://raw.githubusercontent.com/open-mmlab/mmdetection/cfd5d3a985b0249de009b67d04f37263e11cdf3d/mmdet/datasets/objects365.py	Objects365V2Dataset
objects365	354	Table Teniis paddle	table teniis paddle	objects365_v2_mmdetection_cfd5d3a985b0	https://raw.githubusercontent.com/open-mmlab/mmdetection/cfd5d3a985b0249de009b67d04f37263e11cdf3d/mmdet/datasets/objects365.py	Objects365V2Dataset
objects365	355	Cosmetics Brush/Eyeliner Pencil	cosmetics brush/eyeliner pencil	objects365_v2_mmdetection_cfd5d3a985b0	https://raw.githubusercontent.com/open-mmlab/mmdetection/cfd5d3a985b0249de009b67d04f37263e11cdf3d/mmdet/datasets/objects365.py	Objects365V2Dataset
objects365	356	Chainsaw	chainsaw	objects365_v2_mmdetection_cfd5d3a985b0	https://raw.githubusercontent.com/open-mmlab/mmdetection/cfd5d3a985b0249de009b67d04f37263e11cdf3d/mmdet/datasets/objects365.py	Objects365V2Dataset
objects365	357	Eraser	eraser	objects365_v2_mmdetection_cfd5d3a985b0	https://raw.githubusercontent.com/open-mmlab/mmdetection/cfd5d3a985b0249de009b67d04f37263e11cdf3d/mmdet/datasets/objects365.py	Objects365V2Dataset
objects365	358	Lobster	lobster	objects365_v2_mmdetection_cfd5d3a985b0	https://raw.githubusercontent.com/open-mmlab/mmdetection/cfd5d3a985b0249de009b67d04f37263e11cdf3d/mmdet/datasets/objects365.py	Objects365V2Dataset
objects365	359	Durian	durian	objects365_v2_mmdetection_cfd5d3a985b0	https://raw.githubusercontent.com/open-mmlab/mmdetection/cfd5d3a985b0249de009b67d04f37263e11cdf3d/mmdet/datasets/objects365.py	Objects365V2Dataset
objects365	360	Okra	okra	objects365_v2_mmdetection_cfd5d3a985b0	https://raw.githubusercontent.com/open-mmlab/mmdetection/cfd5d3a985b0249de009b67d04f37263e11cdf3d/mmdet/datasets/objects365.py	Objects365V2Dataset
objects365	361	Lipstick	lipstick	objects365_v2_mmdetection_cfd5d3a985b0	https://raw.githubusercontent.com/open-mmlab/mmdetection/cfd5d3a985b0249de009b67d04f37263e11cdf3d/mmdet/datasets/objects365.py	Objects365V2Dataset
objects365	362	Cosmetics Mirror	cosmetics mirror	objects365_v2_mmdetection_cfd5d3a985b0	https://raw.githubusercontent.com/open-mmlab/mmdetection/cfd5d3a985b0249de009b67d04f37263e11cdf3d/mmdet/datasets/objects365.py	Objects365V2Dataset
objects365	363	Curling	curling	objects365_v2_mmdetection_cfd5d3a985b0	https://raw.githubusercontent.com/open-mmlab/mmdetection/cfd5d3a985b0249de009b67d04f37263e11cdf3d/mmdet/datasets/objects365.py	Objects365V2Dataset
objects365	364	Table Tennis	table tennis	objects365_v2_mmdetection_cfd5d3a985b0	https://raw.githubusercontent.com/open-mmlab/mmdetection/cfd5d3a985b0249de009b67d04f37263e11cdf3d/mmdet/datasets/objects365.py	Objects365V2Dataset
